battery_id,cycle,Capacity,SOH,health,time_to_3_8V,time_to_3_6V,time_to_3_5V,time_to_3_4V,v_start,temp_mean,temp_max
B0005,1,1.8564874208181572,92.82437104090786,Healthy,417.281,1351.203,2058.641,2839.937,4.191491807505295,32.572328114029,38.98218133148803
B0005,2,1.846327249719927,92.31636248599635,Healthy,435.563,1388.141,2115.688,2860.407,4.189773213846608,32.72523522519307,39.03339796678704
B0005,3,1.835349194223408,91.7674597111704,Healthy,435.437,1388.703,2116.094,2860.344,4.188186735991303,32.64286193755933,38.81879668981741
B0005,4,1.8352625275821128,91.76312637910564,Healthy,453.813,1388.375,2135.578,2860.907,4.188461118855572,32.51487646204882,38.7623045063458
B0005,5,1.8346455082120416,91.73227541060209,Healthy,453.734,1388.094,2134.516,2859.422,4.188298524761055,32.38234901543077,38.66539257343368
B0005,6,1.8356616600675493,91.78308300337747,Healthy,453.61,1406.656,2134.797,2879.453,4.188815807948604,32.43418218230641,38.75169504640032
B0005,7,1.8351461429226603,91.75730714613302,Healthy,471.437,1406.266,2152.656,2878.609,4.18839163793879,32.480416444757985,38.8207012322275
B0005,8,1.8257567905665535,91.28783952832768,Healthy,472.14,1408.109,2155.531,2881.547,4.188927891511958,32.41046186109587,38.51713023385634
B0005,9,1.8247738529891333,91.23869264945667,Healthy,471.953,1406.984,2153.687,2879.891,4.189029250882121,32.3461408313,38.526267904657
B0005,10,1.824613268496936,91.2306634248468,Healthy,471.704,1407.407,2154.079,2860.719,4.189223427076418,32.27679750791685,38.52698128472781
B0005,11,1.8246195526864504,91.23097763432251,Healthy,471.969,1407.125,2154.453,2861.484,4.188916055911241,32.15709350345252,38.54143406601644
B0005,12,1.814201935767392,90.7100967883696,Healthy,490.36,1406.688,2154.657,2861.563,4.189876247266316,32.36407129853099,38.52197451768004
B0005,13,1.8137521577549052,90.68760788774526,Healthy,489.984,1407.375,2154.719,2861.063,4.189286794768804,32.3181954403762,38.582485834057856
B0005,14,1.8134404914735824,90.67202457367912,Healthy,489.844,1406.641,2135.422,2860.828,4.188837765892728,32.15709029211502,38.52029413487392
B0005,15,1.8025980036306504,90.12990018153252,Healthy,489.906,1406.938,2135.359,2841.891,4.189110301768517,32.044070003146096,38.21358592965045
B0005,16,1.80210690024615,90.10534501230751,Healthy,490.625,1388.453,2134.563,2840.766,4.18921207304098,31.931593674911532,38.1983618706913
B0005,17,1.802579500826209,90.12897504131045,Healthy,490.484,1388.672,2117.031,2841.766,4.188899969428112,31.941655359029298,38.31926916027133
B0005,18,1.8030683142834096,90.15341571417048,Healthy,490.422,1389.375,2116.844,2822.812,4.188779799856791,31.965008645476725,38.4787542519308
B0005,19,1.802777624719604,90.1388812359802,Healthy,490.156,1388.063,2116.219,2822.391,4.189272591516219,31.966241678512723,38.54659017774874
B0005,20,1.8470259949329195,92.35129974664598,Healthy,490.312,1426.062,2192.437,2919.703,4.187614060563439,32.37143341978575,38.44749852224995
B0005,21,1.847417311283644,92.3708655641822,Healthy,490.031,1444.391,2211.641,2920.422,4.187628781108399,32.70024990461686,38.992275791716615
B0005,22,1.8361774213478947,91.80887106739473,Healthy,490.688,1426.516,2193.657,2901.328,4.187447226312926,32.32266411829938,38.51424197364312
B0005,23,1.825780747577624,91.2890373788812,Healthy,490.125,1407.719,2173.625,2901.438,4.187344026387161,31.98795810666763,38.165816144899125
B0005,24,1.8251136435078368,91.25568217539184,Healthy,490.453,1406.844,2154.359,2881.0,4.187438187636325,31.894456524691385,38.16526203587147
B0005,25,1.825581504220376,91.2790752110188,Healthy,490.531,1407.406000000003,2154.9689999999973,2881.8120000000054,4.18774138117799,31.78039681801023,38.27549578575718
B0005,26,1.814031127508391,90.70155637541954,Healthy,489.5,1387.891,2134.938,2861.032,4.188261122540052,31.688747146342205,37.98216079918311
B0005,27,1.8147691941158937,90.73845970579468,Healthy,471.906,1389.672,2136.39,2862.593,4.187338767288234,31.596747992569153,38.11100191887773
B0005,28,1.813969388710352,90.69846943551761,Healthy,471.984,1388.188,2115.953,2841.422,4.187560306288175,31.565586498787077,38.18831137948753
B0005,29,1.802765665167823,90.13828325839116,Healthy,472.218,1369.906,2116.109,2841.312,4.18805176248713,31.59124667045208,37.99854111908584
B0005,30,1.804077040117352,90.2038520058676,Healthy,471.984,1370.937,2099.141,2824.391,4.187667484260542,31.603485399391182,38.194201649765226
B0005,31,1.8518025516704488,92.59012758352245,Healthy,506.375,1396.312,2136.625,2904.812,4.2010701773378685,31.91556385491565,38.45796400011448
B0005,32,1.8307038456739428,91.53519228369714,Healthy,506.469,1396.734,2146.0,2876.797,4.1996223345495824,32.081128118597164,38.49126351534004
B0005,33,1.8199041089501269,90.99520544750635,Healthy,497.406,1378.094,2118.078,2857.797,4.199853323702163,31.849792632896243,38.31473393357882
B0005,34,1.809307963702852,90.4653981851426,Healthy,487.953,1359.016,2089.485,2829.828,4.199103467081427,31.465690433362017,37.861934640176806
B0005,35,1.80460990458052,90.23049522902599,Healthy,488.047,1350.14,2071.656,2811.969,4.199998536865001,31.409348956650316,37.90665575786083
B0005,36,1.7993770651972192,89.96885325986096,Healthy,488.078,1350.344,2081.188,2811.672,4.19967522099872,31.902247475518077,38.34003238560517
B0005,37,1.7884432335370462,89.42216167685231,Healthy,487.875,1340.36,2052.11,2782.938,4.1991847248803165,31.649024294808623,38.0745950590744
B0005,38,1.7829230484252725,89.14615242126362,Healthy,478.469,1321.61,2033.61,2764.11,4.200012480335,31.48874626238971,38.07252758016199
B0005,39,1.7730337158018288,88.65168579009143,Healthy,469.218,1312.406,2015.046,2746.093,4.1992373656547874,31.329995610092634,37.80133585100446
B0005,40,1.773037755078937,88.65188775394685,Healthy,469.25,1303.0,2005.734,2736.25,4.199395781118708,31.569551201845574,38.39873985476869
B0005,41,1.7678721106662054,88.39360553331026,Healthy,478.625,1312.329,2014.891,2736.297,4.199578698026071,32.111426258867944,38.74929237918251
B0005,42,1.762315070409309,88.11575352046545,Healthy,478.609,1312.5,2005.625,2726.469,4.199546957512695,32.271676011112376,38.87275464755104
B0005,43,1.7676172924938447,88.38086462469224,Healthy,471.047,1294.297,1982.437,2741.984,4.194091469340824,31.842291659678658,38.503541429116005
B0005,44,1.762668359743147,88.13341798715734,Healthy,469.093,1293.75,1987.156,2708.265,4.200715235801255,31.759815453754253,38.27009094548294
B0005,45,1.7517304870664143,87.58652435332071,Healthy,459.734,1274.547,1949.015,2679.562,4.1990980807180325,31.41911167391793,38.11684755251712
B0005,46,1.7418496047960008,87.09248023980004,Healthy,450.281,1255.578,1930.312,2660.921,4.199398534411534,31.331626572312267,38.04152715355532
B0005,47,1.7360913511847138,86.8045675592357,Healthy,450.406,1246.594,1920.859,2641.859,4.199122915612965,31.35934131425137,38.17980302242767
B0005,48,1.7936240148573608,89.68120074286804,Healthy,506.719,1350.016,2080.656,2811.109,4.190409478081396,34.31088483888259,40.71218198711114
B0005,49,1.7831890223273277,89.15945111636638,Healthy,506.625,1340.203,2070.985,2792.469,4.199933846791869,33.43585640373787,39.88526123315293
B0005,50,1.7673642076278957,88.36821038139479,Healthy,488.204,1312.625,2015.079,2745.594,4.199365021329158,32.66698125020078,39.18287352945846
B0005,51,1.7570177850353066,87.85088925176532,Healthy,478.719,1284.219,1977.61,2708.344,4.19902365945384,32.28423408691397,38.95156480403077
B0005,52,1.7468706179837907,87.34353089918953,Healthy,469.516,1266.0,1950.063,2680.797,4.199432142144215,32.00739178780946,38.607510759873634
B0005,53,1.7417172507457144,87.08586253728572,Healthy,459.984,1255.937,1939.75,2661.187,4.199640922827531,32.06387071886056,38.920359903369054
B0005,54,1.7364225056478186,86.82112528239094,Healthy,469.015,1255.703,1930.234,2660.953,4.199305653118061,32.43754560319043,39.23273115358871
B0005,55,1.7263217239235826,86.31608619617913,Healthy,459.907,1237.36,1902.704,2624.0,4.198949734540481,32.16809876635083,38.9649270684008
B0005,56,1.7158065389330133,85.79032694665067,Healthy,450.172,1227.953,1883.609,2605.093,4.19834220599025,32.05752645824972,38.83927283461771
B0005,57,1.710533351135192,85.52666755675959,Healthy,441.078,1218.157,1864.485,2576.516,4.198995776266302,31.97592092807272,38.82796377704433
B0005,58,1.706014499648521,85.30072498242605,Healthy,441.203,1209.593,1865.343,2577.359,4.19916986492694,32.21689335291319,39.14007944734004
B0005,59,1.7003110272642588,85.01555136321294,Healthy,450.265,1209.156,1855.296,2557.937,4.199246833083063,32.55632993697177,39.349611598028886
B0005,60,1.6945798601797897,84.72899300898948,Healthy,441.219,1199.687,1836.703,2538.797,4.19925518864016,32.40048085325998,39.29444535878087
B0005,61,1.6849029086609286,84.24514543304643,Healthy,431.812,1190.781,1818.5,2520.687,4.199610827671791,32.29371860868794,39.10487658009542
B0005,62,1.6744741591159715,83.72370795579857,Healthy,422.454,1171.547,1789.797,2492.485,4.1994453812630566,32.136071448067796,39.0462609369598
B0005,63,1.6745692479879102,83.72846239939551,Healthy,422.406,1171.719,1789.985,2483.516,4.198991968341307,32.382685497234974,39.398032192832
B0005,64,1.663716375981405,83.18581879907026,Healthy,422.5,1162.375,1771.281,2455.391,4.197785116892181,32.30899951427638,39.10678394120843
B0005,65,1.659013868748246,82.9506934374123,Healthy,422.235,1162.766,1771.844,2455.672000000006,4.201331130571617,32.56636929496717,39.44448954135193
B0005,66,1.6538540573335014,82.69270286667508,Healthy,413.172,1144.0,1743.922,2427.797,4.199339974904826,32.46542951751835,39.509602016775695
B0005,67,1.642653782130131,82.13268910650655,Healthy,403.454,1124.875,1724.219,2408.079,4.198916244859707,32.347056454418095,39.33486536224533
B0005,68,1.6378578430223698,81.89289215111849,Healthy,394.312,1115.484,1705.937,2389.656,4.198537488587242,32.37153894064616,39.43723270017243
B0005,69,1.6327350407099108,81.63675203549555,Healthy,394.344,1115.5,1696.375,2379.859,4.198943932259475,32.45549347979197,39.51375235624076
B0005,70,1.6277528915533617,81.38764457766808,Healthy,394.391,1106.375,1687.047000000006,2361.812999999994,4.199579806494986,32.50017194695606,39.60170302810528
B0005,71,1.622125485521159,81.10627427605796,Healthy,385.032,1096.735,1667.829,2342.454,4.198782234828033,32.50100298369444,39.68746359758208
B0005,72,1.6113256603765849,80.56628301882924,Healthy,384.86,1087.454,1658.61,2323.454,4.19910517813207,32.4728927422438,39.53535075538898
B0005,73,1.6065631397488385,80.32815698744193,Healthy,375.406,1077.906,1640.063,2305.172,4.198510853141954,32.50480154634882,39.6502371632164
B0005,74,1.6015142233917594,80.07571116958798,Healthy,375.469,1068.984,1621.64,2286.765,4.198732430468704,32.51218336210202,39.69929058154853
B0005,75,1.590369231400328,79.5184615700164,Degrading,366.266,1059.672,1602.485,2258.282,4.198799630396931,32.45692821941515,39.56076309770468
B0005,76,1.5857889968242211,79.28944984121105,Degrading,366.109,1049.796,1593.109,2239.437,4.198753541225669,32.447059186431154,39.63708096307912
B0005,77,1.5849430707374117,79.24715353687058,Degrading,366.219,1040.36,1574.141,2220.235,4.200309982421394,32.32889654966259,39.43977047692484
B0005,78,1.5955263892495937,79.77631946247968,Degrading,375.641,1068.907,1612.063,2277.219,4.201124089732316,32.84488475360107,39.83902225625452
B0005,79,1.5747301747801037,78.73650873900519,Degrading,356.766,1031.297,1555.891,2211.875,4.198150316653697,32.31731555011648,39.41794949618613
B0005,80,1.5649019950937946,78.24509975468973,Degrading,337.969,1012.61,1528.063,2174.86,4.198524048997099,32.06376130177751,39.262781682151214
B0005,81,1.5597659473370362,77.98829736685181,Degrading,338.031,1003.5,1527.891,2165.0,4.198840869468569,32.21997626855924,39.47237839941986
B0005,82,1.5594815668184234,77.97407834092117,Degrading,347.469,1003.266,1527.734,2164.578,4.198119631667182,32.7120225448885,40.03754146951368
B0005,83,1.55468935359061,77.7344676795305,Degrading,347.531,1003.469,1518.906,2156.11,4.198320288264955,32.945022147355694,40.14273016201157
B0005,84,1.5488741079890418,77.44370539945209,Degrading,338.156,993.75,1499.641,2136.438,4.1980467610750285,32.857549597381336,40.1165626728546
B0005,85,1.538236598942558,76.9118299471279,Degrading,328.687,984.156,1480.718,2108.093,4.199047008209673,32.629663328789654,39.87503330866132
B0005,86,1.527914258251028,76.39571291255139,Degrading,319.438,966.0,1462.297,2071.282,4.197669918520713,32.379859014262976,39.61961987024145
B0005,87,1.5285252629756445,76.42626314878223,Degrading,319.671,966.015,1453.203,2071.328,4.197600624105256,32.68215852457039,40.067324667444815
B0005,88,1.522647325284378,76.1323662642189,Degrading,328.781,965.844,1462.187,2071.109,4.197985718630326,32.99387423636739,40.24716716520102
B0005,89,1.5174859938489869,75.87429969244934,Degrading,319.125,956.094,1443.078,2061.672,4.198164128530042,33.045397072111655,40.30253125568348
B0005,90,1.605818899130659,80.29094495653295,Healthy,413.078,1068.781,1574.672,2239.844,4.222920057935785,32.856295641052824,40.09418103142496
B0005,91,1.5638491446744425,78.19245723372212,Degrading,366.547,1031.437,1555.859,2202.312,4.200423045909808,33.33950238056361,40.52238496316615
B0005,92,1.5480915247767786,77.40457623883893,Degrading,356.906,1003.156,1518.375,2164.812,4.198372063670128,33.35156485472646,40.56886357314186
B0005,93,1.5323755631868592,76.61877815934297,Degrading,338.062,984.281,1490.187,2127.265,4.198353213898968,33.147486361012966,40.27804845768325
B0005,94,1.5269528268489705,76.34764134244853,Degrading,328.672,975.109,1462.156,2089.656,4.197873789078739,33.007275861749356,40.2921849196155
B0005,95,1.5169573017136326,75.84786508568163,Degrading,328.765,956.422,1443.375,2071.078,4.197955644238241,32.91990812745461,40.184384347174266
B0005,96,1.511897596014269,75.59487980071346,Degrading,319.562,947.281,1434.39,2052.703,4.197918434710392,32.99903328622305,40.320066232195046
B0005,97,1.5065638960681105,75.32819480340552,Degrading,319.312,947.047,1424.594,2033.516,4.197739340034368,33.03772281691292,40.33650561265159
B0005,98,1.5015453526671363,75.07726763335681,Degrading,310.016,937.938,1415.656,2015.406,4.19785490446139,33.07740307192613,40.43267631588412
B0005,99,1.4908444050400238,74.54222025200119,Degrading,309.875,927.828,1396.219,2004.938,4.197306756122815,33.05467981523988,40.314538591575015
B0005,100,1.485868384561201,74.29341922806006,Degrading,309.921,918.812,1387.187,1986.796,4.197528212001444,33.11570360624461,40.386661855917744
B0005,101,1.480413677976106,74.02068389880529,Degrading,300.484,909.437,1377.906,1968.5,4.19743662221161,33.12942148982365,40.43384612547835
B0005,102,1.4752095869031632,73.76047934515816,Degrading,300.609,909.781,1359.422,1958.875,4.197717228550219,33.130681310493344,40.44479269068758
B0005,103,1.4859035988304024,74.29517994152012,Degrading,291.25,909.578,1368.641,1968.172,4.192454851360723,33.20069210329718,40.58499656066617
B0005,104,1.4960918298136696,74.80459149068348,Degrading,328.641,947.329,1415.766,2024.61,4.202845001527377,33.78697527817091,40.99869158762305
B0005,105,1.4808005946928984,74.04002973464492,Degrading,310.188,918.952999999994,1377.9850000000006,1977.8910000000035,4.197952808231904,33.673365085761986,40.997807625227495
B0005,106,1.4697543268466824,73.48771634233412,Degrading,300.375,899.735,1358.797,1948.625,4.198017952345714,33.535818118317145,40.84213757482493
B0005,107,1.4539012274845928,72.69506137422964,Degrading,281.812,871.734,1321.5,1902.406,4.192162800008929,33.32269982188509,40.69012464267011
B0005,108,1.454146206723569,72.70731033617845,Degrading,281.594,880.797,1320.954,1901.797,4.196993378341778,33.346230327490304,40.69938049882204
B0005,109,1.455023751906683,72.75118759533416,Degrading,291.172,881.969,1322.047,1903.063,4.197603515102162,33.64948900485925,41.06026204078849
B0005,110,1.449042163761236,72.4521081880618,Degrading,281.81299999999464,872.2970000000059,1312.656000000003,1884.297000000006,4.196406678544622,33.79269513542103,41.19696040482682
B0005,111,1.4386709371480566,71.93354685740283,Degrading,282.141,862.75,1293.86,1865.704,4.197098662004674,33.52446663707275,40.84446688602949
B0005,112,1.433445432156979,71.67227160784894,Degrading,272.343,853.046,1274.406,1845.89,4.196909312093871,33.39042251934235,40.764203830749366
B0005,113,1.4333958900838095,71.66979450419048,Degrading,272.204,852.907,1274.172,1836.266,4.197105220217278,33.67370212742761,41.11212504270441
B0005,114,1.42806487344776,71.403243672388,Degrading,272.297,853.109,1274.625,1836.75,4.196244829545076,33.91080564765892,41.27256611507568
B0005,115,1.4229203181741186,71.14601590870593,Degrading,272.578,844.141,1265.844,1818.484,4.19680260180666,33.7850680599871,41.15574924454392
B0005,116,1.417429032731308,70.8714516365654,Degrading,263.016,834.453,1246.719,1799.484,4.196227405416926,33.61126807392732,41.03237216951879
B0005,117,1.412409228794446,70.6204614397223,Degrading,253.813,825.656,1228.5,1780.844,4.196558172556389,33.45598581472246,40.937269906716935
B0005,118,1.412578792940193,70.62893964700964,Degrading,253.719,825.157,1237.391,1780.75,4.196870541112335,33.723267448788484,41.240704611971786
B0005,119,1.4075983731469897,70.37991865734948,Degrading,263.078,825.593,1237.734,1781.109,4.196795527524874,34.05007636985734,41.43649987692296
B0005,120,1.4333920485221476,71.66960242610739,Degrading,272.313,853.297,1275.031,1846.328,4.189287343772767,33.889346908026745,41.16703904201915
B0005,121,1.4382550176792908,71.91275088396453,Degrading,291.141,871.953,1302.906,1874.141,4.201144545237731,34.067648550088656,41.36216559728765
B0005,122,1.4173547174485526,70.86773587242763,Degrading,272.594,834.891,1256.25,1809.203,4.196925753814179,33.75168100943646,41.02198772703674
B0005,123,1.406981663677643,70.34908318388216,Degrading,253.703,825.157,1228.297,1771.719,4.196901090271507,33.46482299584788,40.78818812957494
B0005,124,1.4012037783587623,70.06018891793812,Degrading,253.672,806.016,1208.875,1751.875,4.196688955833435,33.40210697922146,40.81506138506309
B0005,125,1.3967008232726328,69.83504116363164,Critical,244.437,806.609,1200.312,1734.297,4.196339302740304,33.410688917712235,40.85837421987642
B0005,126,1.391284788852726,69.5642394426363,Critical,244.563,797.313,1190.922,1724.969,4.196181412764837,33.38984948261314,40.839876773287166
B0005,127,1.3862287677978349,69.31143838989175,Critical,235.047,788.0,1181.172,1705.844,4.195770804194879,33.3700433438796,40.85376069244676
B0005,128,1.3804366761974138,69.02183380987069,Critical,235.0,778.218,1162.093,1686.531,4.195456241846729,33.27215987470977,40.74795214258888
B0005,129,1.3752364150256224,68.76182075128112,Critical,235.046,777.906,1162.109,1677.437,4.19654355365607,33.222444215660225,40.68794001196382
B0005,130,1.3705128024895008,68.52564012447505,Critical,225.531,769.109,1143.875,1659.312,4.194357133255019,33.26207748383125,40.7810749453613
B0005,131,1.37050855662704,68.525427831352,Critical,225.828,759.75,1143.859,1649.672,4.195863681881766,33.312029905516525,40.88159339768709
B0005,132,1.3647355108681518,68.23677554340759,Critical,225.547,759.484,1134.14,1639.703,4.19558455466442,33.25287943255863,40.81191473576834
B0005,133,1.375392016895762,68.7696008447881,Critical,225.984,778.547,1162.625,1687.062,4.186574613062876,33.745054045019884,41.11793533148924
B0005,134,1.3861115151535393,69.30557575767696,Critical,253.796,797.281,1190.703,1724.984,4.200346502821317,33.88841975386692,41.248795355864885
B0005,135,1.369850003583894,68.4925001791947,Critical,235.031,777.953,1161.953,1677.203,4.1981749992980655,33.7353756996425,41.16242984455477
B0005,136,1.3647827949260758,68.23913974630379,Critical,225.547,759.438,1134.109,1649.172,4.195715092938243,33.59131052719714,41.16437554618679
B0005,137,1.3543220466259964,67.71610233129982,Critical,215.969,749.969,1124.531,1621.047,4.195755769877104,33.32366688599416,40.86421618020504
B0005,138,1.3546417018378962,67.73208509189482,Critical,225.578,750.312,1125.047,1630.984,4.195911764444989,33.691961507697364,41.25434553511566
B0005,139,1.354703921319241,67.73519606596204,Critical,225.594,750.219,1125.125,1621.641,4.195824004004723,33.887639684793655,41.45023191903855
B0005,140,1.349314997503458,67.4657498751729,Critical,216.297,740.891,1106.5,1602.562,4.196258226051591,33.67308060941856,41.27708509224051
B0005,141,1.3441891937970554,67.20945968985276,Critical,207.171,731.781,1087.75,1584.453,4.196612664794988,33.411988203265814,41.06460515498328
B0005,142,1.3389913790695755,66.94956895347877,Critical,206.766,721.86,1077.75,1564.985,4.195850781215982,33.29926524979532,40.99284868101728
B0005,143,1.3389145230206971,66.94572615103486,Critical,206.687,721.844,1087.156,1574.156,4.196002392961924,33.59980731390034,41.29040553417739
B0005,144,1.3340066759761655,66.70033379880827,Critical,207.0,722.359,1078.297,1565.391,4.196207586734141,33.61961195858585,41.22740227746052
B0005,145,1.3286444309174914,66.43222154587457,Critical,197.578,712.828,1059.438,1537.422,4.195534582569042,33.3945201718652,41.04619550953222
B0005,146,1.323170899227622,66.15854496138111,Critical,197.594,703.297,1049.953,1518.141,4.1957439573980455,33.16734508187535,40.85874389007758
B0005,147,1.3181691588445197,65.90845794222598,Critical,188.187,694.093,1040.734,1509.14,4.19586805747139,33.10962161613893,40.79196924883506
B0005,148,1.3184664436640334,65.92332218320168,Critical,197.344,703.219,1049.828,1518.625,4.195347750909715,33.46501751186519,41.14127834456325
B0005,149,1.318293040102702,65.9146520051351,Critical,197.609,694.312,1040.766,1509.203,4.196065828878837,33.442619101404404,41.14429319149828
B0005,150,1.323872422244268,66.19362111221339,Critical,178.73399999999998,684.703,1031.312,1518.625,4.184534803011309,33.037928170775885,40.66184230912503
B0005,151,1.3601216766554785,68.00608383277392,Critical,234.953,759.578,1124.891,1630.5,4.201240476440081,33.4949493613756,41.04669454497069
B0005,152,1.3395306867947354,66.97653433973677,Critical,216.218,731.328,1087.078,1574.609,4.195703567262997,33.491363029025784,41.0462053156659
B0005,153,1.3290286565120697,66.45143282560349,Critical,206.906,712.719,1068.766,1546.516,4.195744519551191,33.329808599922345,40.8683026432256
B0005,154,1.3236741274998955,66.18370637499478,Critical,197.391,703.188,1059.281,1527.469,4.196363050482315,33.27302769298771,40.85283588259973
B0005,155,1.318633896753293,65.93169483766465,Critical,197.062,693.812,1040.453,1509.046,4.1957929878569455,33.229879126701434,40.85270645265791
B0005,156,1.3134751321324272,65.67375660662135,Critical,188.36,694.594,1031.86,1499.828,4.195797286482793,33.20860833999321,40.8263251809212
B0005,157,1.3132020634442203,65.66010317221101,Critical,188.031,693.672,1031.094,1490.312,4.196349384378125,33.236115055926255,40.90308836809665
B0005,158,1.3077959946944353,65.38979973472176,Critical,187.954,684.407,1021.672,1480.532,4.195609431921248,33.18660088296571,40.84337405460518
B0005,159,1.3030329186405918,65.1516459320296,Critical,188.203,675.344,1012.64,1471.687,4.195339917236225,33.174058099115534,40.81792110626284
B0005,160,1.3033573559038203,65.16786779519101,Critical,188.5,675.719,1012.953,1462.719,4.19540205700612,33.253984518546055,40.94699384765951
B0005,161,1.3034100438655642,65.17050219327821,Critical,188.156,674.969,1012.297,1462.141,4.195685302232799,33.3198093248819,41.07493805830632
B0005,162,1.2978870806495706,64.89435403247853,Critical,188.063,675.235,1003.125,1452.656,4.195561297751176,33.33765795318199,41.02476444658572
B0005,163,1.2980735056918902,64.90367528459451,Critical,178.922,666.0,993.734,1443.203,4.196066962029683,33.29076744042025,41.06214198725253
B0005,164,1.293463613844243,64.67318069221216,Critical,178.562,665.734,993.593,1433.937,4.196640912532072,33.27568841807217,40.98366325567302
B0005,165,1.288003392619118,64.4001696309559,Critical,178.875,666.094,984.562,1434.203,4.1956235749123225,33.32067807371405,40.98234242711097
B0005,166,1.2874525221379407,64.37262610689703,Critical,178.688,656.329,984.0,1424.329,4.195862008850563,33.37314972896719,41.06375085817118
B0005,167,1.3090153642307354,65.45076821153677,Critical,197.672,694.094,1031.438,1509.172,4.18482689434833,33.71351889594897,41.047029587744966
B0005,168,1.3250793286429356,66.25396643214678,Critical,225.687,731.546,1078.156,1546.546,4.201968615940368,33.86531768239223,41.051007697556734
B0006,1,2.035337591005598,101.7668795502799,Healthy,435.484,1462.047,2228.297,3111.828,4.179799607333447,32.14277785992152,39.16298653238707
B0006,2,2.025140246031412,101.2570123015706,Healthy,472.032,1480.672,2286.0,3152.235,4.177288238505559,32.29307515705474,39.2462026826329
B0006,3,2.013326371345464,100.6663185672732,Healthy,471.844,1499.953,2286.406,3152.531,4.177795470598289,32.24414709253608,38.999202460252846
B0006,4,2.0132846655407413,100.66423327703706,Healthy,471.969,1499.719,2286.719,3133.078,4.178370492084649,32.14711742429942,38.84362777186652
B0006,5,2.000528337624771,100.02641688123855,Healthy,471.891,1480.531,2285.594,3111.766,4.178015652407259,32.06687277315468,38.97798888258284
B0006,6,2.0138990759931645,100.69495379965822,Healthy,526.313,1536.516,2324.235,3152.141,4.193216523251186,32.03447836207717,38.83989920742278
B0006,7,2.013101105626967,100.65505528134835,Healthy,526.141,1535.844,2322.953,3151.047,4.193679289189224,32.11157496697371,39.04610837498471
B0006,8,1.96878982627284,98.43949131364201,Healthy,472.14,1482.312,2268.765,3075.875,4.176826628115461,32.112576242471775,38.87507521022778
B0006,9,1.9681661764334244,98.40830882167123,Healthy,471.953,1462.625,2248.187,3074.391,4.1761685240208415,32.03566207329278,38.7260539826455
B0006,10,1.9572307917560536,97.86153958780268,Healthy,471.704,1462.797,2229.735,3054.719,4.176897989902666,31.99527968872302,38.98629728904917
B0006,11,1.9455991514129352,97.27995757064676,Healthy,471.969,1444.078,2230.109,3036.141,4.177579509962451,31.874127571841353,38.65978861919643
B0006,12,1.934750504484113,96.73752522420564,Healthy,472.188,1443.782,2192.5,2997.438,4.177870678295105,32.120959708576166,38.84979195732924
B0006,13,1.9232799539368028,96.16399769684014,Healthy,471.766,1425.938,2173.734,2996.719,4.176124493186459,32.11021168908644,38.75128344015104
B0006,14,1.911889930948487,95.59449654742434,Healthy,471.672,1425.078,2173.094,2977.156,4.177784195345462,31.989061278918154,38.76853764058789
B0006,15,1.9010667141979305,95.05333570989653,Healthy,471.75,1406.938,2135.359,2938.781,4.1770625256786165,31.878814448635442,38.84686112344348
B0006,16,1.8891989948061456,94.45994974030728,Healthy,453.938,1388.453,2115.782,2918.172,4.175489274573356,31.767450711024402,38.8658897816528
B0006,17,1.878278372248849,93.91391861244244,Healthy,454.156,1370.297,2098.172,2899.703,4.177366324712495,31.78991634963658,38.647578733807656
B0006,18,1.8675697161520208,93.37848580760104,Healthy,453.89,1352.265,2079.187,2861.609,4.176354539745044,31.82883467218067,38.79218188173866
B0006,19,1.8675892574453767,93.37946287226883,Healthy,453.781,1351.141,2059.75,2861.047,4.177126477703333,31.890449470827843,38.77022223929529
B0006,20,1.979626548250818,98.98132741254089,Healthy,490.312,1481.703,2268.171,3114.375,4.174584178175673,31.51177053595285,37.54320599748628
B0006,21,1.9575499080884025,97.87749540442012,Healthy,490.031,1462.891,2249.516,3095.813,4.175224020262452,31.874488497680712,37.90362577530197
B0006,22,1.9458150170787551,97.29075085393775,Healthy,490.688,1445.141,2212.61,3056.703,4.177217300859919,31.53911453638972,37.6701605139887
B0006,23,1.9242461121680092,96.21230560840046,Healthy,472.141,1426.266,2173.625,3018.063,4.176514514202052,31.220866832188786,37.34166959188387
B0006,24,1.945981133142164,97.2990566571082,Healthy,508.641,1443.875,2192.266,3017.125,4.190007215931237,31.119005145018026,37.28979017254232
B0006,25,1.901407930553079,95.07039652765395,Healthy,472.344,1388.9839999999967,2117.327999999994,2940.1399999999994,4.176973413125379,31.033244078156734,37.16794481484507
B0006,26,1.878674213680085,93.93371068400424,Healthy,453.219,1350.922,2078.391,2899.735,4.173452155236546,31.001249222460967,37.51577848501052
B0006,27,1.8683061328264217,93.41530664132108,Healthy,453.64,1352.656,2060.953,2881.906,4.176098578619343,30.92143474404136,37.24165964092258
B0006,28,1.8560244070083,92.80122035041501,Healthy,435.531,1332.875,2021.75,2841.422,4.17626102066065,30.929360248207214,37.27233216178077
B0006,29,1.8451997961855775,92.25998980927888,Healthy,417.547,1314.531,1984.328,2802.64,4.172854589872979,31.00810965793079,37.2071345030198
B0006,30,1.857228890885317,92.86144454426585,Healthy,471.984,1333.812,2004.703,2824.391,4.188187801734904,30.96779499306422,37.49607769896255
B0006,31,1.9247760889090637,96.23880444545318,Healthy,469.093,1368.234,2071.047,2932.953,4.189801024289883,31.10097217303459,37.25007396118109
B0006,32,1.8822317526092551,94.11158763046275,Healthy,468.969,1340.531,2033.656,2867.437,4.186947861426474,31.307368922041046,37.39699052067588
B0006,33,1.855276687885587,92.76383439427936,Healthy,450.562,1303.14,1977.578,2811.015,4.186434538254801,31.131339987164562,37.2852066420257
B0006,34,1.839250891718188,91.9625445859094,Healthy,441.078,1274.703,1930.219,2754.86,4.1876767977261,30.828713779105055,37.080390421974414
B0006,35,1.8185396073994429,90.92698036997214,Healthy,422.5,1246.937,1884.328,2699.5,4.183948312348072,30.761533072057244,36.98024266357476
B0006,36,1.8134770059567056,90.67385029783527,Healthy,431.844,1247.25,1884.453,2689.922,4.186703871962386,31.303056929415803,37.59874124546701
B0006,37,1.7971018450305436,89.85509225152718,Healthy,412.906,1218.531,1845.969,2633.172,4.186404820230849,31.06432144678013,37.33680914521836
B0006,38,1.7810046294120476,89.05023147060238,Healthy,394.031,1190.406,1808.719,2586.141,4.184538174451997,30.96654665282149,37.39499820465976
B0006,39,1.7710130422682329,88.55065211341164,Healthy,394.25,1172.062,1771.453,2549.234,4.186047633014145,30.826455697992966,37.35233964342659
B0006,40,1.7604712448170945,88.02356224085473,Healthy,385.016,1162.547,1752.813,2520.781,4.186011762299764,31.080769482413952,37.58677381866742
B0006,41,1.7502913788006589,87.51456894003294,Healthy,384.86,1162.172,1743.266,2511.454,4.185653001522096,31.69428781742534,38.20704456989348
B0006,42,1.7394925037732578,86.97462518866288,Healthy,384.89,1143.687,1724.578,2483.0,4.18499542353586,31.875581783696685,38.340431886092745
B0006,43,1.7546766553637203,87.73383276818602,Healthy,361.703,1147.25,1720.328,2492.875,4.17548998383201,31.543288143901563,38.521539672721865
B0006,44,1.7659390941842177,88.29695470921088,Healthy,403.546,1162.593,1753.015,2520.953,4.191559316475808,31.420983409991024,38.03707160241571
B0006,45,1.7337887419624838,86.68943709812419,Healthy,366.156,1115.25,1667.906,2426.609,4.185418639744681,31.15837149963786,37.9342856877206
B0006,46,1.713325912040734,85.6662956020367,Healthy,347.359,1086.968,1630.484,2370.609,4.183921653715496,31.156614216998822,37.88470784051604
B0006,47,1.7024077813673466,85.12038906836733,Healthy,338.016,1068.75,1602.516,2323.406,4.185518250318115,31.206611383963256,38.065368726791895
B0006,48,1.82371946178183,91.1859730890915,Healthy,422.437,1237.625,1893.406,2745.562,4.1729165619005535,33.61169282822636,39.788440481350335
B0006,49,1.8081284050314708,90.40642025157354,Healthy,440.969,1227.782,1855.235,2689.407,4.186882269459454,32.85630077141311,39.21290317800791
B0006,50,1.7757610945034283,88.78805472517142,Healthy,413.204,1172.094,1771.641,2577.141,4.186537777937825,32.210981559158874,38.66937823121345
B0006,51,1.7447409841836798,87.237049209184,Healthy,375.61,1124.953,1696.578,2483.485,4.182242443277712,31.965090081650274,38.5170065164806
B0006,52,1.729207034132373,86.46035170661865,Healthy,375.844,1097.375,1659.641,2427.781,4.185747996173869,31.744801840189538,38.29250529949152
B0006,53,1.7081086552553244,85.40543276276622,Healthy,356.922,1068.562,1621.281,2370.719,4.183575724123322,31.876564068962466,38.52091685291118
B0006,54,1.6975954237461768,84.87977118730883,Healthy,347.359,1058.937,1592.968,2342.484,4.184332281821813,32.24289319481841,38.95436345473558
B0006,55,1.6820634524029463,84.10317262014732,Healthy,338.188,1031.297,1555.938,2286.969,4.184698116905854,32.07305565938816,38.73136385469604
B0006,56,1.6714768322295086,83.57384161147543,Healthy,328.422,1012.406,1527.718,2230.359,4.185835940524748,32.030140929891196,38.74827601131975
B0006,57,1.6607591387047655,83.03795693523827,Healthy,309.922,993.328,1489.766,2183.016,4.185426189138305,31.984935871368258,38.84227056628921
B0006,58,1.651121015038069,82.55605075190346,Healthy,310.031,975.375,1471.859,2155.64,4.184463046346399,32.23677365476226,39.22138199620832
B0006,59,1.640134925619093,82.00674628095464,Healthy,309.718,974.718,1452.625,2127.031,4.18451874454039,32.56097148037261,39.46651089916252
B0006,60,1.629199941616544,81.4599970808272,Healthy,291.265,946.64,1424.531,2089.531,4.184454576919845,32.48984985901219,39.352653481724175
B0006,61,1.6088496302961666,80.44248151480832,Healthy,272.5,919.109,1387.531,2033.75,4.181070202610792,32.42612199208859,39.31890647034385
B0006,62,1.6035244898969248,80.17622449484624,Healthy,263.204,899.891,1358.719,1986.641,4.18244649645216,32.29984271249387,39.47196886600465
B0006,63,1.5989712144027983,79.94856072013991,Degrading,263.172,900.0,1349.594,1977.36,4.1838203403042975,32.610757585145336,39.74009698783903
B0006,64,1.5876273123575604,79.38136561787802,Degrading,263.188,881.313,1321.656,1921.188,4.182425008087469,32.25699351958767,39.03600072360686
B0006,65,1.5829719744686166,79.14859872343084,Degrading,263.063,881.563,1321.985,1931.094,4.190985194174346,32.47193402838835,39.16106395962828
B0006,66,1.567137636713563,78.35688183567815,Degrading,235.063,844.375,1275.157,1865.735,4.18162644626075,32.40219271195366,39.20051799483514
B0006,67,1.5613446139713882,78.06723069856942,Degrading,234.86,834.438,1255.969,1827.266,4.183355970785126,32.30987415652578,39.15878418316098
B0006,68,1.551171189279042,77.55855946395211,Degrading,225.625,825.171,1237.406,1799.593,4.182445248328095,32.35440526839345,39.18225956809825
B0006,69,1.5406741606295171,77.03370803147585,Degrading,216.328,806.359,1218.594,1771.281,4.182585245365358,32.4731363791227,39.38159156766375
B0006,70,1.5253138744624433,76.26569372312217,Degrading,197.672,787.875,1190.672000000006,1743.218999999997,4.177417600021895,32.52334649341759,39.44712875501599
B0006,71,1.5301570318067428,76.50785159033714,Degrading,206.86,787.766,1181.125,1724.125,4.182951924778038,32.518264823491045,39.40950590627068
B0006,72,1.524656683447409,76.23283417237045,Degrading,197.469,778.282,1171.516,1696.047,4.183258304762118,32.5437072434024,39.48443326993031
B0006,73,1.5145492986655429,75.72746493327715,Degrading,197.406,768.844,1152.859,1677.453,4.183170360974043,32.56222309600736,39.4416762582387
B0006,74,1.509391504602082,75.4695752301041,Degrading,188.14,750.39,1134.5,1649.765,4.183359256700765,32.58978020040808,39.53866201326228
B0006,75,1.5039974333050703,75.19987166525351,Degrading,178.969,741.188,1115.75,1621.235,4.182909564093396,32.57089563557426,39.5867547936938
B0006,76,1.4935201918040188,74.67600959020095,Degrading,178.765,731.296,1096.64,1602.468,4.181939688146648,32.537854347094196,39.49975288442087
B0006,77,1.4876323024497422,74.3816151224871,Degrading,169.469,722.188,1087.219,1574.141,4.18215985406311,32.656450905205084,39.9686395722832
B0006,78,1.5302876214401704,76.51438107200852,Degrading,216.391,787.86,1171.719,1696.375,4.189962701965466,33.180785234653264,40.42668250871336
B0006,79,1.5040760088360112,75.20380044180057,Degrading,178.828,731.453,1106.172,1602.735,4.181214475643097,32.71220835503141,40.02451449021777
B0006,80,1.4887593608730894,74.43796804365446,Degrading,169.344,712.86,1068.86,1556.172,4.181652803611802,32.543943889007906,40.02167483360719
B0006,81,1.4782779285546637,73.91389642773318,Degrading,159.984,694.062,1050.359,1527.891,4.180127984409454,32.6655410721976,40.07821178158415
B0006,82,1.478459982215684,73.9229991107842,Degrading,160.14100000000002,694.203,1050.141,1527.734,4.182435253361705,33.160922870564626,40.56578932835109
B0006,83,1.473214844899973,73.66074224499864,Degrading,160.156,694.344,1050.297,1518.906,4.182970513713943,33.414445545408455,40.75221353269305
B0006,84,1.4675164935067897,73.37582467533949,Degrading,160.172,684.609,1031.188,1490.281,4.182588389688278,33.3541679486525,40.71162611325717
B0006,85,1.4516292657521337,72.58146328760668,Degrading,150.687,665.703,1002.937,1461.953,4.180283545890356,33.13634596100404,40.58721297402195
B0006,86,1.4519237720967175,72.59618860483587,Degrading,141.391,647.532,994.11,1434.188,4.182277548850675,32.92241762841388,40.37035790264624
B0006,87,1.4471484694777743,72.35742347388872,Degrading,141.453,647.515,984.812,1425.078,4.182483687657018,33.20338483123576,40.667923693760464
B0006,88,1.4468538105659885,72.34269052829943,Degrading,141.265,656.531,984.578,1434.078,4.182606347806988,33.533950654066935,40.99035688395247
B0006,89,1.4416741930284678,72.08370965142339,Degrading,141.219,646.984,984.187,1424.359,4.182949890012143,33.5767934055627,40.99774402817452
B0006,90,1.5935866593100128,79.67933296550063,Degrading,253.766,825.235,1199.953,1715.235,4.222353332039162,33.224088400657315,40.77265883698999
B0006,91,1.5463902376915637,77.31951188457819,Degrading,216.578,778.703,1171.937,1715.015,4.190810496600126,33.37083344726966,40.52220493430463
B0006,92,1.51470559175661,75.73527958783049,Degrading,188.25,731.516,1115.516,1630.828,4.1828124049147695,33.43366634309322,40.57746834859555
B0006,93,1.4989786083335404,74.94893041667702,Degrading,178.797,712.859,1078.0,1565.14,4.1838942747302825,33.28676739403043,40.516963879873735
B0006,94,1.4831110745410492,74.15555372705246,Degrading,169.328,693.984,1049.968,1527.734,4.183847567326402,33.14347737377552,40.34325381638243
B0006,95,1.4729664825468278,73.6483241273414,Degrading,160.078,675.375,1021.953,1490.219,4.183259734378229,33.11021541795579,40.39341126895154
B0006,96,1.4627604396099307,73.13802198049653,Degrading,160.109,666.125,1012.859,1462.5,4.183152598210248,33.18991802149879,40.46341487442664
B0006,97,1.4518364681062514,72.59182340531257,Degrading,150.656,656.719,993.844,1443.344,4.1835297239964095,33.26265398635676,40.5818264138806
B0006,98,1.4468670644030392,72.34335322015197,Degrading,141.344,637.969,975.469,1415.656,4.181677965200077,33.299978841087025,40.61670777074496
B0006,99,1.441380399427779,72.06901997138895,Degrading,141.438,637.75,965.281,1405.61,4.183197246077639,33.31663547841367,40.63164766168104
B0006,100,1.431210744960774,71.5605372480387,Degrading,141.203,628.406,956.296,1387.187,4.182847747629186,33.39150630507064,40.74323383889164
B0006,101,1.4260247179525716,71.30123589762857,Degrading,141.265,619.047,946.953,1368.515,4.182593253160388,33.41522427488497,40.81715493531611
B0006,102,1.420487649966195,71.02438249830975,Degrading,132.078,609.891,928.531,1350.047,4.181536580807847,33.39690850726103,40.72877617289365
B0006,103,1.4207006230355006,71.03503115177503,Degrading,122.656,600.375,928.313,1349.906,4.172034399629829,33.73731993653,41.45494452672042
B0006,104,1.452255804330839,72.61279021654194,Degrading,160.0,656.704,1003.516,1453.188,4.188427549455566,34.08965316576344,41.39678877103747
B0006,105,1.431557632772571,71.57788163862855,Degrading,141.391,628.6720000000059,956.4070000000064,1396.718999999997,4.181335856346829,33.9987286593769,41.36669473718026
B0006,106,1.415015751158943,70.75078755794715,Degrading,131.922,609.5,927.828,1358.797,4.179546243153898,33.907397114007345,41.37787352037061
B0006,107,1.4097311506517451,70.48655753258726,Degrading,131.922,590.593,909.328,1321.5,4.18088822946083,33.70518417605219,41.14095609169821
B0006,108,1.404917318129309,70.24586590646545,Degrading,122.547,581.219,899.5,1311.563,4.182667734360821,33.7458832944166,41.2168813199875
B0006,109,1.395164296571563,69.75821482857815,Critical,122.484,582.0,891.328,1303.313,4.179684890591493,34.01657212624259,41.40391881889191
B0006,110,1.3945343832614077,69.72671916307038,Critical,122.67200000000594,581.7350000000006,891.0629999999946,1303.297000000006,4.18224535784739,34.175023374593785,41.58657133119858
B0006,111,1.3893171179312644,69.46585589656323,Critical,122.625,563.016,872.125,1275.141,4.182453793427935,33.976109677640174,41.43504077863728
B0006,112,1.3838379472327809,69.19189736163904,Critical,113.093,553.437,862.453,1255.703,4.182382182381389,33.84150372451663,41.37436880579148
B0006,113,1.3736814238195123,68.68407119097562,Critical,113.141,553.172,852.907,1246.157,4.179533028548021,34.1008464215818,41.66477948989921
B0006,114,1.3786059891863676,68.93029945931838,Critical,113.094,553.547,862.453,1255.937,4.182385088635815,34.34663683304219,41.81816829502593
B0006,115,1.3737600299108574,68.68800149554288,Critical,113.313,553.75,853.547,1237.703,4.182683463001238,34.216231530637586,41.68664700078119
B0006,116,1.3682580583942712,68.41290291971356,Critical,113.109,544.094,834.453,1218.625,4.182413969607667,34.041617020161176,41.565382893773936
B0006,117,1.3633024037317505,68.16512018658753,Critical,103.906,525.703,825.656,1200.188,4.182411904002977,33.890212870710734,41.46394809540406
B0006,118,1.35809661401726,67.90483070086299,Critical,103.844,525.25,825.157,1199.907,4.181099186741353,34.116762412437,41.6123634180086
B0006,119,1.353269090999531,67.66345454997655,Critical,113.265,534.812,825.593,1209.625,4.180110659212056,34.49049358941505,42.0075404495327
B0006,120,1.3841605738237488,69.20802869118744,Critical,103.75,543.953,853.297,1265.672,4.163570261072192,34.23744800906639,41.61679232360952
B0006,121,1.4051467790651473,70.25733895325736,Degrading,141.438,590.922,909.453,1321.641,4.190012868765637,34.41428886050454,41.80245062827161
B0006,122,1.378719022627353,68.93595113136764,Critical,122.719,553.578,862.985,1256.25,4.182338112503195,34.16445180476377,41.653004783464006
B0006,123,1.3682657783199066,68.41328891599532,Critical,113.11,534.766,834.516,1218.891,4.181981194182554,33.877146811272176,41.36061809844917
B0006,124,1.3573151296618016,67.86575648309008,Critical,113.172,525.313,815.375,1199.5,4.18265262787567,33.839566254190565,41.42815616511055
B0006,125,1.3524934638801596,67.62467319400798,Critical,103.984,516.0,806.609,1181.578,4.182270325485355,33.818304796930946,41.343265645039
B0006,126,1.3474099151661236,67.37049575830618,Critical,103.875,506.86,797.313,1172.219,4.182394535290608,33.812621135472135,41.38118673567723
B0006,127,1.3370075130842318,66.85037565421159,Critical,103.875,506.844,788.0,1153.11,4.182061947471753,33.79894614410012,41.378450473707446
B0006,128,1.3312352966718526,66.56176483359263,Critical,103.859,497.297,778.218,1134.031,4.182288987105723,33.702723745621576,41.306600641009794
B0006,129,1.3259303781727645,66.29651890863822,Critical,94.546,487.718,768.531,1124.703,4.179633835322102,33.63562651984647,41.20408103671912
B0006,130,1.321578743867529,66.07893719337645,Critical,94.453,487.859,759.734,1115.765,4.181392635232333,33.690724061796516,41.32955629442644
B0006,131,1.321225074066109,66.06125370330544,Critical,94.515,478.719,759.75,1106.437,4.181883861516496,33.71317033815573,41.300370296451625
B0006,132,1.3156485301862682,65.78242650931341,Critical,94.469,478.562,750.078,1096.703,4.182054276922838,33.65376593260612,41.2436462295636
B0006,133,1.3209025697502388,66.04512848751195,Critical,94.703,478.937,759.75,1125.156,4.168816046299314,33.983578066068176,41.36464929786556
B0006,134,1.3474328767273906,67.37164383636953,Critical,122.656,525.484,816.062,1190.703,4.1901092209827935,33.816348135475515,40.89285784811417
B0006,135,1.3260128072353616,66.30064036176807,Critical,113.281,497.125,777.953,1143.203,4.186977042307121,33.60692030225909,40.652964511118334
B0006,136,1.3101186784831065,65.50593392415533,Critical,103.734,478.516,759.438,1105.984,4.182103099818312,33.47350597721994,40.58410707337388
B0006,137,1.30521620229393,65.2608101146965,Critical,94.266,468.906,740.594,1087.047,4.1822412159486655,33.20917872762011,40.322783635307104
B0006,138,1.3004061951355774,65.02030975677887,Critical,94.375,469.281,740.984,1087.609,4.1811092734638216,33.58088963686094,40.78032921971219
B0006,139,1.300235735841116,65.0117867920558,Critical,94.422,469.141,740.797,1087.563,4.181892633123134,33.764008619560336,40.85731522464202
B0006,140,1.2895066722480757,64.47533361240379,Critical,94.547,459.859,722.187,1068.984,4.1810790735747885,33.57003564415372,40.74860220857894
B0006,141,1.279253057384795,63.96265286923975,Critical,94.703,450.75,713.093,1050.265,4.179849355700932,33.272050895552354,40.47227623020844
B0006,142,1.2792078171714618,63.96039085857309,Critical,94.375,441.0,703.078,1030.953,4.181641969595387,33.12740933210319,40.28187574900838
B0006,143,1.274036760902923,63.701838045146154,Critical,94.484,440.875,703.078,1040.312,4.18154819879745,33.439116773449626,40.637565231244686
B0006,144,1.2741273923001468,63.70636961500734,Critical,94.594,441.297,703.578,1031.437,4.181631106163372,33.482874768414376,40.64243349478575
B0006,145,1.263763942644078,63.1881971322039,Critical,85.188,431.828,684.797,1012.641,4.178712498488009,33.22136307064441,40.38713367022122
B0006,146,1.2581373688955233,62.906868444776165,Critical,85.10900000000001,422.25,675.172,993.734,4.181148894438262,32.985627389014255,40.15316398972329
B0006,147,1.253259864055301,62.66299320276505,Critical,85.093,422.468,666.031,984.531,4.181246648937272,32.970182781539556,40.26211669866818
B0006,148,1.2532313315493426,62.661566577467134,Critical,85.015,422.125,675.094,993.625,4.182083806710052,33.31018716138479,40.65437976632703
B0006,149,1.2480874960313575,62.404374801567876,Critical,85.156,413.266,666.203,984.547,4.179465656635683,33.23406652671602,40.41021687551566
B0006,150,1.2534354284944844,62.67177142472422,Critical,75.734,403.593,656.531,984.468,4.164241788212258,33.117656712920734,40.49521984011741
B0006,151,1.28980487732669,64.4902438663345,Critical,113.156,469.188,740.844,1087.5,4.189238693156103,33.784170366860046,41.357879741754175
B0006,152,1.2635402021758837,63.177010108794185,Critical,94.375,440.843,693.703,1030.937,4.180662617196329,33.806439563441614,41.37902988743146
B0006,153,1.2479761706842851,62.398808534214254,Critical,94.469,422.344,675.328,1003.188,4.181032942784607,33.63735785291911,41.20920760771975
B0006,154,1.2321202877943334,61.60601438971667,Critical,84.969,412.875,656.485,975.016,4.17964376586292,33.58195933847606,41.20630554355683
B0006,155,1.2271137666213534,61.35568833106767,Critical,84.92099999999999,403.187,646.843,965.562,4.180653486967336,33.56245583951572,41.28239317323536
B0006,156,1.2217397581377356,61.08698790688678,Critical,85.281,403.953,638.391,947.563,4.181365190126037,33.5111267532655,41.1595683576961
B0006,157,1.211102678915174,60.5551339457587,Critical,85.094,393.953,628.062,937.437,4.180359359066286,33.53675907012135,41.230427315370186
B0006,158,1.2056159765131735,60.28079882565868,Critical,85.032,393.985,628.219,927.969,4.181277236211712,33.498030695567785,41.21487873613708
B0006,159,1.2008936262717274,60.044681313586366,Critical,85.14,385.0,619.14,918.922,4.181921994951423,33.516977262709986,41.27439823262361
B0006,160,1.1905903985558337,59.52951992779168,Critical,85.219,375.907,610.157,909.907,4.179431633541701,33.531923269271225,41.237668013317766
B0006,161,1.185179251041941,59.25896255209705,Critical,85.156,375.344,609.422,909.203,4.180438271754948,33.567636169584304,41.24068073261839
B0006,162,1.1796706818144624,58.983534090723126,Critical,85.063,375.406,600.328,900.063,4.181414159913002,33.60493096509702,41.28133907077437
B0006,163,1.1745952836753917,58.72976418376958,Critical,85.187,366.234,591.047,881.39,4.180815073540562,33.54281440778599,41.28338645880181
B0006,164,1.15381833159625,57.6909165798125,Critical,75.5,347.172,571.968,862.39,4.1697037841892834,33.472459360982775,41.14919304328959
B0006,165,1.1644009557372264,58.220047786861315,Critical,85.14,357.062,581.844,872.094,4.180283727512206,33.58210389885497,41.26268252018065
B0006,166,1.1587974947916069,57.93987473958035,Critical,85.01599999999999,356.719,581.391,862.219,4.181157702694518,33.6634605108384,41.45791806300034
B0006,167,1.1749748834769171,58.74874417384586,Critical,75.844,366.219,600.453,909.5,4.157544974448367,33.730546074122294,41.11666214070682
B0006,168,1.1856752327929356,59.283761639646784,Critical,103.859,412.984,647.203,956.468,4.188511527828155,33.8912822372509,41.36263766174168
B0007,1,1.89105229539079,94.5526147695395,Healthy,471.812,1425.062,2133.969,2917.281,4.199359521791473,32.62485875142121,40.59042914535701
B0007,2,1.880637027686859,94.03185138434294,Healthy,490.328,1443.703,2191.25,2957.407,4.198257409594461,32.738209593287145,40.26023408628707
B0007,3,1.8806626717011388,94.03313358505694,Healthy,490.062,1444.312,2191.609,2957.469,4.198280074112568,32.68511456550919,40.27558633997852
B0007,4,1.8807709009833444,94.03854504916723,Healthy,490.282,1462.657,2211.125,2957.75,4.197941750771344,32.554748499572646,40.29314715799111
B0007,5,1.8794508728285055,93.97254364142528,Healthy,490.078,1443.656,2210.047,2956.328,4.198464224146956,32.46787845303298,40.2688726302198
B0007,6,1.8807003517117404,94.03501758558703,Healthy,490.016,1462.266,2210.547,2976.531,4.197902988175172,32.48624734055599,39.67620802332074
B0007,7,1.8799352523566075,93.99676261783037,Healthy,507.844,1461.703,2228.172,2975.781,4.197891547056767,32.55779966353037,39.80381766292616
B0007,8,1.88150881240388,94.075440620194,Healthy,508.703,1463.765,2231.062,2978.609,4.19920088820775,32.45374435641106,39.88810476942348
B0007,9,1.8696907870385844,93.48453935192921,Healthy,508.328,1462.625,2229.203,2977.078,4.198273632768149,32.373246444985035,39.95162250671474
B0007,10,1.870052380139199,93.50261900695995,Healthy,508.047,1462.797,2229.735,2977.079,4.198830761298339,32.30534276235138,40.05202185471829
B0007,11,1.8700442394188577,93.50221197094288,Healthy,508.422,1462.531,2230.109,2977.922,4.198720291823363,32.183319483399806,40.1213838436794
B0007,12,1.8596518987766364,92.98259493883182,Healthy,508.578,1462.313,2230.407,2958.735,4.198945227315025,32.378853181816005,40.174657039770814
B0007,13,1.8590746560862208,92.95373280431104,Healthy,508.172,1462.969,2230.328,2957.953,4.199051302806796,32.2913249500013,40.016434730174936
B0007,14,1.8590084577709232,92.95042288854616,Healthy,508.0,1462.094,2229.734,2957.766,4.197967675754507,32.14782797344657,40.16569230743226
B0007,15,1.8593622586957048,92.96811293478524,Healthy,507.984,1443.844,2229.906,2958.188,4.19925638222589,32.01380948237792,39.46139677634257
B0007,16,1.8587355450601035,92.93677725300518,Healthy,508.797,1443.985,2210.094,2956.828,4.198809496382092,31.881310103471357,39.5636595172155
B0007,17,1.847817291322145,92.39086456610724,Healthy,508.547,1444.203,2211.078,2938.344,4.19879257501117,31.854304304240507,39.628948319501816
B0007,18,1.8485252916137047,92.42626458068524,Healthy,508.609,1444.859,2211.25,2939.062,4.1985172274243965,31.856555404576753,39.22534721491488
B0007,19,1.848378951850034,92.4189475925017,Healthy,508.328,1443.563,2210.828,2938.453,4.198141640180731,31.867182607083926,39.4126321606434
B0007,20,1.8807805437609768,94.03902718804883,Healthy,526.656,1481.703,2268.171,3016.89,4.196060627765756,32.35216872128999,39.95874037686836
B0007,21,1.88147215974436,94.073607987218,Healthy,526.36,1481.344,2287.344,3017.719,4.196697192985168,32.60219299451182,40.31302300333008
B0007,22,1.8810954313244783,94.05477156622392,Healthy,527.047,1482.172,2269.594,3017.844,4.196951235755862,32.19571819720114,39.359447242364645
B0007,23,1.8710089649779995,93.55044824889998,Healthy,526.578,1463.297,2249.422,2998.625,4.196666467438727,31.805988160181123,39.454159451189874
B0007,24,1.8701995151941373,93.50997575970686,Healthy,508.641,1462.422,2249.234,2997.641,4.1966416719103465,31.737001978644926,39.64174827400944
B0007,25,1.8706715362800983,93.53357681400492,Healthy,508.687,1444.422000000006,2230.672000000006,2979.0939999999973,4.1971302559922,31.51707667966367,38.86906912217273
B0007,26,1.8596124644020169,92.98062322010084,Healthy,507.61,1443.563,2229.579,2977.516,4.196450282799754,31.442860781038384,39.11839966443177
B0007,27,1.860033909718346,93.0016954859173,Healthy,508.328,1445.109,2211.75,2959.593,4.196790308710931,31.32326275303232,38.68010761281634
B0007,28,1.8591653109160768,92.95826554580384,Healthy,508.469,1425.156,2210.531,2957.641,4.196693048697735,31.28571570579735,38.863045678198645
B0007,29,1.8481398178778288,92.40699089389143,Healthy,508.672,1425.422,2210.437,2957.64,4.197078923354,31.331850868998007,39.14531169811219
B0007,30,1.849201702126164,92.4600851063082,Healthy,508.375,1426.406,2193.344,2940.797,4.196062203382386,31.32285733932258,38.8380564174779
B0007,31,1.8834677437950849,94.17338718975424,Healthy,534.453,1452.515,2239.64,2998.672,4.206370624421659,31.608436452122476,38.95965174080089
B0007,32,1.8628211117905844,93.14105558952922,Healthy,525.328,1443.547,2230.328,2970.516,4.203187727641822,31.782101501165204,39.05387577229197
B0007,33,1.852085039652352,92.6042519826176,Healthy,516.156,1424.89,2211.64,2951.547,4.202855529853741,31.51504198920288,38.699551697978606
B0007,34,1.8469504648208708,92.34752324104353,Healthy,506.594,1405.828,2183.344,2932.813,4.2027504558714135,31.13866351339678,38.6052414906155
B0007,35,1.836828431169018,91.8414215584509,Healthy,506.781,1396.859,2165.234,2915.062,4.202497792748939,31.068710515588776,38.42604747702835
B0007,36,1.8371619619672277,91.85809809836138,Healthy,516.172,1406.469,2184.203,2914.672,4.20243913428064,31.618244836823447,39.0468968949422
B0007,37,1.8316722583718852,91.58361291859426,Healthy,506.594,1387.203,2155.172,2895.469,4.202715171837935,31.331528063668397,38.83676495861389
B0007,38,1.8211470951317783,91.05735475658892,Healthy,497.141,1377.844,2136.641,2876.485,4.203023971708643,31.132569191182142,38.49981470604549
B0007,39,1.816506091511515,90.82530457557574,Healthy,487.968,1359.109,2118.093,2858.375,4.202697887601401,30.972969676157927,38.582340147970775
B0007,40,1.8113815601504557,90.56907800752279,Healthy,497.422,1359.328,2118.188,2858.094,4.202582706720855,31.1990648511682,38.787499833494046
B0007,41,1.8116056333939583,90.58028166969791,Healthy,497.36,1368.532,2127.282,2858.11,4.203035094861703,31.722267598269813,39.31221126031847
B0007,42,1.8060548955557405,90.30274477778703,Healthy,506.656,1368.719,2118.031,2848.234,4.202608242479543,31.900827580605675,39.40567993360536
B0007,43,1.8132041826994056,90.66020913497029,Healthy,507.422,1349.75,2113.953,2857.719,4.19612459601344,31.5372402498617,39.32802757827611
B0007,44,1.8062641938283532,90.31320969141767,Healthy,497.296,1349.953,2099.578,2839.718,4.204295462895431,31.24662583059252,38.6112528181758
B0007,45,1.7958310249900458,89.79155124950229,Healthy,478.453,1330.719,2070.781,2801.547,4.201835131331625,30.939399361884792,38.56972695128688
B0007,46,1.7858852600390451,89.29426300195226,Healthy,478.39,1321.187,2052.093,2792.187,4.202901194454151,30.884857004354572,38.34572083526661
B0007,47,1.780326860450275,89.01634302251375,Healthy,478.516,1302.766,2033.281,2773.047,4.201756108371374,30.920682316695828,38.48254063494672
B0007,48,1.8150756899575575,90.75378449787787,Healthy,525.484,1396.906,2183.641,2904.766,4.191916354433964,33.880577817079796,41.0499421893331
B0007,49,1.815702515484584,90.7851257742292,Healthy,534.766,1405.766,2183.344,2904.875,4.203330153285592,33.038339318294426,40.361944885615415
B0007,50,1.800243217805667,90.01216089028335,Healthy,516.313,1368.829,2127.485,2857.969,4.20248271441994,32.27329169539202,39.6676965288026
B0007,51,1.7904476205609308,89.52238102804654,Healthy,506.813,1340.36,2099.406,2830.094,4.203276539809248,31.937919783481355,39.481181404811096
B0007,52,1.780343032300132,89.0171516150066,Healthy,497.625,1322.141,2062.422,2802.61,4.202580870413733,31.688686599521045,39.4190511430692
B0007,53,1.775328769596812,88.7664384798406,Healthy,488.078,1312.125,2052.234,2782.953,4.203244171517053,31.779120691032947,39.72196117128354
B0007,54,1.770262973473285,88.51314867366426,Healthy,487.765,1311.921,2042.671,2773.375,4.202697222668131,32.133873372089305,40.041366724781085
B0007,55,1.760081061854204,88.0040530927102,Healthy,478.657,1293.579,2015.063,2745.829,4.202581421564202,31.889431533099835,39.66314441864834
B0007,56,1.749647593537689,87.48237967688445,Healthy,468.922,1284.156,1996.156,2726.89,4.201127463298259,31.817363280281278,39.84751541049116
B0007,57,1.749650075059311,87.48250375296554,Healthy,469.094,1274.282,1976.938,2707.688,4.202508747096239,31.72316205746117,39.74335777163101
B0007,58,1.745028739214683,87.25143696073415,Healthy,469.328,1265.765,1968.468,2699.156,4.202197348597037,31.957150654392294,40.07246786936068
B0007,59,1.739645745528673,86.98228727643365,Healthy,469.0,1265.343,1967.734,2689.25,4.202490707154508,32.29917704213345,40.24771611400392
B0007,60,1.7285642277717963,86.42821138858982,Healthy,469.312,1255.922,1948.969,2669.734,4.20211186646044,32.128842946565555,40.27220819224188
B0007,61,1.723900324588418,86.1950162294209,Healthy,459.969,1246.937,1930.875,2651.953,4.202924241129693,32.021134355757404,39.89848456781458
B0007,62,1.7139788776485192,85.69894388242597,Healthy,450.579,1227.766,1902.235,2623.641,4.202395835117333,31.859048861486652,40.0571305311587
B0007,63,1.7139701997004613,85.69850998502307,Healthy,450.531,1227.891,1902.422,2623.953,4.202569562007692,32.16100333536097,40.240711749549135
B0007,64,1.7036521173638766,85.18260586819383,Healthy,450.609,1218.594,1883.766,2595.891,4.201287153879833,32.10276048728767,40.12941739090177
B0007,65,1.7040137474382486,85.20068737191244,Healthy,450.422,1218.938,1893.625,2605.577999999994,4.203984334358096,32.33880662180898,40.3959693732437
B0007,66,1.6935716157343033,84.67858078671516,Healthy,441.344,1200.219,1865.735,2577.469,4.20220228055958,32.21373014824893,40.18751058333668
B0007,67,1.6876577363877656,84.38288681938828,Healthy,440.969,1190.407,1836.594,2558.0,4.201755934400281,32.09949526722965,40.14605167557969
B0007,68,1.6830744356583152,84.15372178291575,Healthy,431.75,1190.484,1827.734,2539.484,4.202600613133091,32.11305439113157,40.18846095484838
B0007,69,1.6779270142025482,83.89635071012741,Healthy,431.781,1181.125,1818.062,2529.703,4.202295008453833,32.20371989479744,40.2789498830108
B0007,70,1.6732060275966172,83.66030137983086,Healthy,431.891,1171.968999999997,1808.875,2521.0,4.202842977920607,32.23340825772458,40.310727434969614
B0007,71,1.6674367208253988,83.37183604126994,Healthy,422.5,1162.36,1799.094,2501.672,4.202031500801591,32.212169716369466,40.31733812871393
B0007,72,1.6622662630667526,83.11331315333763,Healthy,422.344,1162.188,1780.282,2482.547,4.202335745153063,32.21746401954225,40.332563430145015
B0007,73,1.6574243065763063,82.87121532881531,Healthy,422.328,1152.859,1771.188,2473.797,4.201773071145273,32.23410177209761,40.431258866851486
B0007,74,1.652538684928734,82.6269342464367,Healthy,413.047,1143.89,1752.812,2455.469,4.201486505584843,32.228343983674435,40.46247985933005
B0007,75,1.6472174627573322,82.3608731378666,Healthy,413.11,1134.453,1743.047,2436.219,4.2019492746220735,32.1833106060944,40.40103455658551
B0007,76,1.6364136810898071,81.82068405449036,Healthy,412.843,1124.765,1724.359,2417.375,4.202045571197949,32.17200142078129,40.4426971996319
B0007,77,1.6362554312048496,81.81277156024248,Healthy,413.079,1124.672,1714.75,2407.375,4.204697039833386,32.03316223587618,40.26214977673693
B0007,78,1.641119179218384,82.0559589609192,Healthy,422.453,1143.703,1743.297,2436.344,4.203789569367976,32.506671891788216,40.64566836195685
B0007,79,1.6315700789656966,81.57850394828483,Healthy,403.547,1106.172,1696.61,2380.469,4.201897793299824,31.961039485620926,39.95209030011925
B0007,80,1.621213282987236,81.0606641493618,Healthy,394.157,1096.938,1668.594,2362.219,4.20178017149305,31.798082670491866,40.16503458324407
B0007,81,1.6164273214762122,80.82136607381061,Healthy,394.203,1087.844,1668.437,2352.359,4.202220537976551,31.95802833708937,40.36674175781141
B0007,82,1.615823510161921,80.79117550809605,Healthy,394.391,1097.0,1677.609,2361.313,4.2013887453306085,32.418131697462755,40.88269125311642
B0007,83,1.61672418029789,80.83620901489451,Healthy,394.375,1097.156,1668.781,2362.25,4.201596709029412,32.64044972789331,40.85633220225456
B0007,84,1.6108655863730026,80.54327931865014,Healthy,394.359,1087.406,1658.875,2342.406,4.201668680267049,32.56399373078006,40.7780246115985
B0007,85,1.6006603374309376,80.03301687154688,Healthy,385.031,1077.828,1639.796,2314.093,4.202512585523171,32.28305350922276,40.5829305350897
B0007,86,1.5959174487005665,79.79587243502833,Degrading,375.657,1059.641,1612.203,2286.563,4.201472345711643,32.06065237439007,40.6345689985191
B0007,87,1.5962179519462243,79.81089759731121,Degrading,375.843,1059.89,1612.281,2296.312,4.20121682733489,32.365261126964526,40.75070125010339
B0007,88,1.5958065114633972,79.79032557316987,Degrading,385.0,1068.922,1621.422,2295.937,4.201188425441681,32.68851871366292,41.0672419235651
B0007,89,1.5906507821480704,79.53253910740352,Degrading,384.625,1059.187,1611.609,2286.578,4.201316437036837,32.747733642524246,41.40590880756584
B0007,90,1.6888211161855506,84.44105580927753,Healthy,497.375,1190.563,1762.063,2483.61,4.2331462538907605,32.50500516961017,41.01558674901627
B0007,91,1.6259938279733204,81.29969139866601,Healthy,422.703,1125.14,1705.672,2408.437,4.203917718634026,32.91993878980997,41.31851435911838
B0007,92,1.6157433862812898,80.78716931406449,Healthy,413.141,1106.141,1677.672,2380.281,4.201783140660278,32.948305858317944,41.4002950560853
B0007,93,1.6056626764846538,80.28313382423269,Healthy,394.312,1087.344,1649.5,2342.937,4.201329890079568,32.76906651915661,41.2508092329952
B0007,94,1.5949746921524348,79.74873460762174,Degrading,384.843,1068.672,1630.797,2314.5,4.200849613571161,32.59734424608833,40.95362783962595
B0007,95,1.5904102438871943,79.52051219435971,Degrading,384.937,1068.859,1612.0,2295.937,4.201463797740503,32.52349894408369,40.989022190981714
B0007,96,1.5853517062988178,79.26758531494089,Degrading,385.172,1059.64,1603.0,2286.843,4.201750207865124,32.578228834731775,41.02622774121347
B0007,97,1.5799737147242376,78.99868573621188,Degrading,375.687,1050.0,1593.203,2267.516,4.201226117420626,32.62728298499839,41.01371342582121
B0007,98,1.5752185465278068,78.76092732639034,Degrading,375.563,1050.469,1584.234,2258.938,4.20172950022185,32.652115712561326,41.04923314430273
B0007,99,1.569798484648868,78.4899242324434,Degrading,375.453,1040.266,1574.219,2248.578,4.201200470517945,32.64767456395258,41.05277512550887
B0007,100,1.5702565375950357,78.51282687975178,Degrading,365.984,1031.109,1565.031,2240.062,4.201289094579205,32.69938792310311,41.02092182377061
B0007,101,1.565249873909438,78.2624936954719,Degrading,366.093,1031.297,1555.922,2221.437,4.200987543108535,32.724576765133094,41.34840278359994
B0007,102,1.559633933561147,77.98169667805736,Degrading,366.125,1022.141,1546.734,2211.531,4.201468313659235,32.70434030242972,41.23753665797544
B0007,103,1.5649820533392105,78.24910266696052,Degrading,366.219,1022.047,1546.422,2221.141,4.1961027546611325,32.74051962267582,41.21700308433066
B0007,104,1.57497949984227,78.7489749921135,Degrading,394.282,1059.797,1603.125,2277.438,4.205246397279064,33.38712825139849,41.89753189273277
B0007,105,1.5652811168780458,78.2640558439023,Degrading,375.7350000000006,1040.7660000000033,1565.3910000000033,2240.437999999994,4.201413874880438,33.270627344923426,41.90270996402953
B0007,106,1.559755497470126,77.9877748735063,Degrading,375.328,1030.891,1546.141,2210.922,4.201648832380503,33.115074143665915,41.48233804274523
B0007,107,1.549897685670499,77.49488428352494,Degrading,356.797,1012.328,1527.562,2183.39,4.199365579406469,32.90572814040102,41.6411622659972
B0007,108,1.543877153134502,77.1938576567251,Degrading,356.579,1002.422,1517.672,2173.438,4.200859733656452,32.953112654161664,41.433877603827945
B0007,109,1.5450187488690073,77.25093744345037,Degrading,366.156,1013.016,1528.359,2184.109,4.20162098338246,33.2282109237263,41.8543569979417
B0007,110,1.5445940154102908,77.22970077051454,Degrading,366.2350000000006,1003.4689999999972,1518.656000000003,2174.5160000000037,4.201112398367318,33.361342590516294,41.78271326384125
B0007,111,1.5343086721758876,76.71543360879438,Degrading,357.063,993.922,1500.266,2146.625,4.200810741834928,33.12431679486816,41.62744766181303
B0007,112,1.5287603942958483,76.43801971479242,Degrading,347.343,984.218,1480.546,2136.39,4.200351170622191,32.991553593266204,41.552128441464966
B0007,113,1.5289260249179843,76.44630124589922,Degrading,347.172,993.438,1489.563,2136.297,4.201791474587699,33.2318318845246,41.839167194182565
B0007,114,1.529091650133123,76.45458250665615,Degrading,356.828,984.281,1489.984,2136.562,4.20049747493448,33.509812392094496,42.23998716092915
B0007,115,1.5239059324661248,76.19529662330623,Degrading,347.641,984.703,1471.906,2118.563,4.200200522961112,33.382402850667845,42.04090238497712
B0007,116,1.5186675419100617,75.93337709550309,Degrading,337.984,975.078,1462.187,2099.234,4.200674971032527,33.17829959346276,41.803429062834496
B0007,117,1.5136482266426952,75.68241133213476,Degrading,338.078,956.719,1443.766,2080.641,4.200371214024706,33.01591345323486,41.6886924602386
B0007,118,1.5136050185229033,75.68025092614516,Degrading,338.063,965.704,1452.907,2089.922,4.200965645223048,33.271000362987586,41.98817160118213
B0007,119,1.5139470614867965,75.69735307433983,Degrading,347.406,966.078,1453.234,2099.593,4.20138339090339,33.61966967517867,42.33252236723314
B0007,120,1.5339599193158786,76.69799596579394,Degrading,347.156,984.391,1480.969,2155.469,4.192472918500566,33.29697162630193,41.63553796804361
B0007,121,1.5391372798653098,76.95686399326549,Degrading,366.109,1003.109,1508.984,2164.641,4.204602036514753,33.393130865360554,41.470498076928735
B0007,122,1.5236247972838737,76.18123986419369,Degrading,347.563,975.297,1471.703,2118.156,4.200867542772572,33.138207103628474,41.54038193238441
B0007,123,1.5135813035589147,75.67906517794573,Degrading,338.016,965.875,1443.875,2090.094,4.201036137691208,32.84069778843796,41.13947017697289
B0007,124,1.5077850749847914,75.38925374923957,Degrading,328.61,955.938,1433.516,2070.547,4.200512464044564,32.75739655594484,41.09041922644824
B0007,125,1.5031960676037333,75.15980338018666,Degrading,328.703,947.344,1425.156,2062.219,4.20075828356334,32.77234087259374,41.10034021580957
B0007,126,1.497822059699588,74.8911029849794,Degrading,328.922,937.875,1415.766,2043.25,4.200439147859412,32.720417557744895,41.03075447325996
B0007,127,1.492848534633516,74.6424267316758,Degrading,319.313,937.829,1406.016,2033.563,4.200175952944827,32.710022803073514,40.99688397371006
B0007,128,1.492414389867026,74.62071949335129,Degrading,319.328,927.937,1386.875,2014.422,4.1998304414305805,32.62076759783716,40.88481342461614
B0007,129,1.487482776538081,74.37413882690404,Degrading,319.343,918.562,1377.437,2005.093,4.200431276110757,32.57651826255201,41.09400879501426
B0007,130,1.482535148640411,74.12675743202055,Degrading,309.969,919.031,1377.922,1987.375,4.200267835972742,32.58396494906228,41.01377835587309
B0007,131,1.4827874322228984,74.13937161114492,Degrading,310.109,909.687,1368.515,1977.687,4.199800510212378,32.623742674615976,40.90635248178393
B0007,132,1.476971179775059,73.84855898875296,Degrading,309.89,909.297,1359.0,1967.562,4.200436806124781,32.58599202496769,41.06596192416311
B0007,133,1.4819015554137276,74.09507777068637,Degrading,310.297,919.109,1378.094,2005.391,4.192977250583526,32.864544723781215,40.84520330629611
B0007,134,1.4981366198874824,74.90683099437412,Degrading,338.14,947.14,1415.578,2043.5,4.203006821509607,33.079651096902374,41.12807910254104
B0007,135,1.4820775214392872,74.10387607196436,Degrading,319.328,927.563,1386.797,2004.891,4.2020493515195,32.932141650182686,41.094988453128494
B0007,136,1.4771155312812152,73.85577656406076,Degrading,309.781,909.422,1358.703,1976.844,4.200086642861885,32.755748003791545,41.11877573165318
B0007,137,1.4720772783056488,73.60386391528245,Degrading,300.297,899.719,1340.016,1948.937,4.199613315582274,32.52965474617847,40.98003499062696
B0007,138,1.472248013656454,73.6124006828227,Degrading,300.5,900.172,1349.875,1958.828,4.199843161074874,32.848065199041,41.017509953482886
B0007,139,1.4670106672274663,73.35053336137332,Degrading,309.891,900.047,1349.984,1958.75,4.199963386133198,33.072327061961936,41.299420742573055
B0007,140,1.461767249533538,73.0883624766769,Degrading,300.609,891.016,1331.016,1939.672,4.200169604165679,32.85096451719535,41.105738037939375
B0007,141,1.4566952670489708,72.83476335244853,Degrading,291.421,881.64,1312.734,1912.343,4.199818547927513,32.57230232995455,40.87704013237699
B0007,142,1.451354972758956,72.5677486379478,Degrading,291.063,871.719,1302.688,1893.0,4.199503884475213,32.45068444176091,40.73021986226824
B0007,143,1.451615926257375,72.58079631286874,Degrading,291.047,871.687,1302.64,1902.219,4.199909919375289,32.7394359440147,41.03226257370644
B0007,144,1.4468161332173683,72.34080666086842,Degrading,291.375,872.172,1303.078,1893.406,4.199494444978369,32.775898242252914,40.89527781087817
B0007,145,1.4467570607768785,72.33785303884392,Degrading,281.922,862.782,1284.532,1874.719,4.200374694478377,32.5817324044051,41.02491521192672
B0007,146,1.4413797481446793,72.06898740723396,Degrading,272.531,853.219,1274.578,1846.047,4.199552965128597,32.35021153014993,40.81596834579472
B0007,147,1.4362456252208178,71.8122812610409,Degrading,272.484,843.968,1265.421,1837.203,4.1995329856924615,32.28754240914786,40.65138669632271
B0007,148,1.4368154153924828,71.84077076962414,Degrading,272.265,843.719,1265.453,1846.484,4.199300346769649,32.603239183227075,40.965385542419945
B0007,149,1.4362945145860049,71.81472572930025,Degrading,272.547,844.219,1265.547,1846.25,4.200084247735837,32.61208344144242,41.11319128215138
B0007,150,1.4418575315878015,72.09287657939008,Degrading,253.718,834.562,1256.281,1846.593,4.18985671710645,32.26742656599958,40.78738321989129
B0007,151,1.4672063484781797,73.36031742390898,Degrading,309.875,890.75,1330.891,1939.828,4.202364184888896,32.637733704417855,40.73001188190229
B0007,152,1.4518640367848883,72.59320183924441,Degrading,291.14,871.812,1302.718,1902.5,4.199161217470434,32.665258715232376,40.990354594470126
B0007,153,1.44713797527485,72.3568987637425,Degrading,281.844,862.719,1284.25,1874.25,4.199571972228311,32.502652632323915,40.62521315513875
B0007,154,1.441790586562399,72.08952932811995,Degrading,281.594,853.203,1274.594,1855.453,4.199909046615677,32.446842086875606,40.58944296824891
B0007,155,1.431630947911111,71.58154739555555,Degrading,272.031,843.687,1256.062,1837.109,4.1991089309985306,32.39361892904713,40.584393586876246
B0007,156,1.4318084249673686,71.59042124836843,Degrading,272.719,835.125,1247.281,1827.797,4.199049111453085,32.417221778010834,40.884444140401214
B0007,157,1.4262562585106868,71.31281292553435,Degrading,272.234,834.391,1246.719,1818.219,4.199648027535327,32.40094040453025,40.65159637790841
B0007,158,1.4260877528924911,71.30438764462455,Degrading,262.891,824.938,1237.125,1798.891,4.199193175738452,32.36314241861483,40.53138082339522
B0007,159,1.4212633510031694,71.06316755015847,Degrading,263.219,825.281,1228.125,1790.203,4.199053572226856,32.382600705235255,40.821433488540606
B0007,160,1.4163272748795108,70.81636374397554,Degrading,263.5,825.61,1228.422,1790.391,4.199752520423331,32.4323818014572,40.643362943412974
B0007,161,1.4165781829175994,70.82890914587998,Degrading,263.031,815.547,1218.484,1780.641,4.198626890887624,32.4886182994049,40.97063567014205
B0007,162,1.4108401729425175,70.54200864712587,Degrading,263.031,815.719,1218.641,1771.125,4.199235005181635,32.524062377970175,40.74888323397497
B0007,163,1.4109949628347804,70.54974814173902,Degrading,253.812,806.5,1209.031,1761.734,4.198721860377262,32.482615965621896,40.93461596721165
B0007,164,1.40617142903988,70.308571451994,Degrading,253.578,806.234,1209.078,1752.406,4.199365090380556,32.46389583182878,40.74175890345818
B0007,165,1.4063358479692922,70.31679239846461,Degrading,253.89,806.5,1199.984,1752.89,4.198808934372819,32.55681404542561,41.00964443691023
B0007,166,1.4004552399066514,70.02276199533257,Degrading,253.641,796.797,1190.079,1742.813,4.198421699164089,32.576296430484255,40.80558697887537
B0007,167,1.4217865046055154,71.08932523027576,Degrading,263.219,825.25,1237.484,1818.375,4.188842911449222,32.81804879809979,40.92586026351328
B0007,168,1.4324552720625434,71.62276360312717,Degrading,309.968,872.046,1284.453,1855.734,4.205067189469255,32.92941193334214,40.57390100608222
B0018,1,1.8550045207910817,92.75022603955408,Healthy,358.063,1269.063,1926.797,2753.594,4.188108651124536,31.773285281389256,38.10180309676608
B0018,2,1.8431955317089987,92.15977658544993,Healthy,388.953,1307.219,1979.532,2803.203,4.18651605270106,31.92489159472864,38.14987995994155
B0018,3,1.8396018424355425,91.98009212177712,Healthy,400.406,1315.172,1992.344,2802.141,4.188811210133346,31.31691283374216,37.5266914843442
B0018,4,1.8306736044962053,91.53368022481027,Healthy,403.36,1304.641,1985.953,2791.922,4.188875360300162,30.821190751176527,37.06279237079503
B0018,5,1.8327002069419656,91.63501034709827,Healthy,435.063,1342.25,2037.25,2829.25,4.189872293159027,31.95346971511436,38.2110354381278
B0018,6,1.8285288846046388,91.42644423023194,Healthy,447.562,1361.203,2051.594,2839.062,4.190288371391284,32.02311236185272,38.17496505957075
B0018,7,1.8212011895697924,91.06005947848962,Healthy,449.172,1348.125,2031.625,2822.984,4.190037536076311,31.634533158077698,37.64038685475582
B0018,8,1.815170010643328,90.7585005321664,Healthy,441.734,1335.593,2013.484,2799.484,4.190297406725935,31.28819492159572,37.37602884738843
B0018,9,1.8042980520967649,90.21490260483824,Healthy,434.953,1323.344,2005.156,2786.297,4.188312445698188,31.11122470608501,37.28928029078695
B0018,10,1.8231002302844224,91.15501151422112,Healthy,437.11,1340.344,2025.485,2809.797,4.191467835993785,31.13166983979621,37.52377766578506
B0018,11,1.8121253520255491,90.60626760127745,Healthy,449.438,1348.36,2027.641,2806.985,4.190699409462101,31.51305775907457,37.72420412562674
B0018,12,1.8046916382117768,90.23458191058884,Healthy,441.672,1334.797,2007.781,2790.828,4.19016920493495,31.31102568785445,37.41366095304306
B0018,13,1.790844349786295,89.54221748931475,Healthy,433.844,1311.922,1977.766,2754.641,4.189633938587357,30.893964711700164,36.94724908852665
B0018,14,1.783470722841926,89.1735361420963,Healthy,425.735,1297.672,1956.766,2728.454,4.188143316830064,30.540598970902945,36.70709131205994
B0018,15,1.7809386125310702,89.04693062655352,Healthy,437.75,1303.406,1975.5,2740.172,4.193543208571066,30.82566018736547,37.13061214416645
B0018,16,1.771209039672698,88.5604519836349,Healthy,440.906,1313.453,1970.547,2731.672,4.190238041929225,31.451400678644543,37.686600065941576
B0018,17,1.7686303996707076,88.43151998353538,Healthy,441.984,1306.0,1964.312,2726.672,4.19075698083662,31.518847747922937,37.633580732302406
B0018,18,1.7536304801917124,87.68152400958562,Healthy,433.656,1280.109,1931.453,2687.5,4.189715378549557,31.11237289077096,37.15252578645951
B0018,19,1.7462197416415093,87.31098708207547,Healthy,415.109,1256.547,1890.203,2650.672,4.187635645163932,30.586452588663985,36.78829001793698
B0018,20,1.7376647337053737,86.88323668526868,Healthy,417.313,1242.0,1868.578,2622.141,4.191004692440202,30.242913021104116,36.541146197392216
B0018,21,1.7315166735475835,86.57583367737918,Healthy,407.844,1234.953,1852.906,2598.11,4.1906972904216495,30.10270376338569,36.372087786130464
B0018,22,1.7085949894470602,85.42974947235301,Healthy,388.563,1208.235,1828.563,2566.25,4.185877977731026,30.251184852221932,36.52608510498833
B0018,23,1.711469957068211,85.57349785341056,Healthy,389.922,1202.734,1815.719,2557.312,4.187786648624781,30.212407704391104,36.476252762052624
B0018,24,1.7075021373272627,85.37510686636314,Healthy,392.625,1199.047,1804.328,2538.219,4.188166619589718,30.125011009636175,36.37720890237669
B0018,25,1.7492382064360228,87.46191032180114,Healthy,414.703,1234.953,1863.422,2631.266,4.18962510592865,30.22428629982563,36.64000948247426
B0018,26,1.7327697147429957,86.63848573714978,Healthy,427.563,1240.078,1870.953,2620.969,4.190150750158746,30.976376254737342,37.38165499248184
B0018,27,1.7222313328292376,86.11156664146188,Healthy,429.172,1245.547,1867.891,2610.938,4.188938785525361,31.415702913300986,37.59824760372582
B0018,28,1.711846298984729,85.59231494923645,Healthy,420.671,1229.765,1844.484,2580.515,4.189390534407286,31.383299841535273,37.56055515516341
B0018,29,1.699267835126687,84.96339175633435,Healthy,411.093,1201.14,1807.359,2545.437,4.187469981494586,31.167937826253638,37.52114200586718
B0018,30,1.6940366439243106,84.70183219621553,Healthy,401.641,1194.25,1791.906,2522.453,4.189526036667409,30.994690437264207,37.21887096740918
B0018,31,1.6819027078768087,84.09513539384044,Healthy,402.765,1176.5,1765.953,2487.859,4.189776104976122,31.055317978554886,37.33441415744885
B0018,32,1.6769770618433686,83.84885309216843,Healthy,404.734,1182.296,1762.515,2476.578,4.18957367163095,31.373945543706103,37.7331798444306
B0018,33,1.6655229306478936,83.27614653239468,Healthy,395.015,1165.422,1748.422,2454.562,4.187796162769597,31.56128410753226,37.84649344841882
B0018,34,1.6571924575832084,82.85962287916043,Healthy,385.14,1145.578,1718.937,2415.469,4.186323146159568,31.318474723902874,37.6701649416618
B0018,35,1.6482241555294048,82.41120777647023,Healthy,387.0,1141.235,1707.141,2396.672,4.190101801118757,31.104012325043954,37.53185198546868
B0018,36,1.6387701497987262,81.93850748993631,Healthy,378.562,1125.843,1678.046,2358.781,4.189771113843428,30.989730398009076,37.593333753421376
B0018,37,1.6276486907262062,81.38243453631031,Healthy,367.391,1103.844,1650.641,2333.281,4.188259618341401,30.967851972472324,37.36141011067826
B0018,38,1.62215370227252,81.107685113626,Healthy,368.75,1107.937,1645.765,2319.922,4.18974005757658,31.285342046153826,37.89980324671546
B0018,39,1.6140066510467586,80.70033255233793,Healthy,358.672,1088.969,1628.078,2304.469,4.185842588877271,31.41096207271253,38.03149707759718
B0018,40,1.6760516154424625,83.80258077212312,Healthy,393.953,1160.812,1724.796,2447.921,4.188990469498749,30.755137125871208,37.42220155418978
B0018,41,1.649300642552199,82.46503212760994,Healthy,383.532,1130.25,1695.219,2387.36,4.186586244011676,30.977446633931525,37.32511174435206
B0018,42,1.63238299185809,81.6191495929045,Healthy,373.797,1112.797,1658.329,2342.579,4.18930134713925,30.800512192698992,37.31088262198154
B0018,43,1.6164159719025777,80.82079859512888,Healthy,351.641,1091.875,1626.954,2289.657,4.188312148100683,30.616192795676138,37.23234655688736
B0018,44,1.6109028378249377,80.54514189124689,Healthy,342.328,1062.859,1589.0,2255.016,4.188643751129736,30.399839302766903,36.94850857727268
B0018,45,1.5954638693695655,79.77319346847828,Degrading,342.704,1053.875,1569.469,2225.297,4.188511398241968,30.38386825126278,37.002663545357386
B0018,46,1.726707440085764,86.3353720042882,Healthy,415.782,1204.344,1840.219,2632.5,4.18838458205872,30.576239500422755,36.71025442949399
B0018,47,1.7165673917429751,85.82836958714876,Healthy,428.578,1199.5,1816.078,2602.562,4.189410028494153,30.705906284556665,36.72807623650589
B0018,48,1.6958235570934848,84.79117785467423,Healthy,418.063,1167.656,1774.031,2551.938,4.189584987657955,30.62583594950684,36.72959308355185
B0018,49,1.6777783190792557,83.88891595396278,Healthy,408.984,1150.297,1737.437,2496.203,4.189231124368519,30.597357068657974,36.787462351640364
B0018,50,1.6606586897774192,83.03293448887096,Healthy,399.531,1121.984,1700.234,2451.015,4.187220872463777,30.528493896066262,36.75689163314213
B0018,51,1.6664109274827466,83.32054637413732,Healthy,411.563,1147.813,1728.125,2482.016,4.188749835624864,31.203754246103966,37.35015763097096
B0018,52,1.6468336174407805,82.34168087203902,Healthy,402.187,1129.469,1700.328,2434.375,4.1885837620106905,31.172639449335037,37.48126030855565
B0018,53,1.6257639928779952,81.28819964389976,Healthy,380.485,1097.781,1658.781,2384.719,4.185795508701974,30.96825922704022,37.12544389762631
B0018,54,1.6121577411874597,80.60788705937298,Healthy,370.437,1079.203,1619.359,2335.75,4.186349697160328,30.821704306343126,37.19112571388883
B0018,55,1.6057366823755344,80.28683411877672,Healthy,371.766,1072.188,1602.922,2310.5,4.188974252739847,30.765219721637393,37.17642722353301
B0018,56,1.673645314879889,83.68226574399445,Healthy,398.453,1116.75,1679.516,2450.437,4.191009849984344,30.809988428281613,37.11936678632194
B0018,57,1.6404348572349936,82.02174286174969,Healthy,397.438,1114.906,1661.797,2400.359,4.190360332340617,31.03903359070028,37.2702464066457
B0018,58,1.6132653317422077,80.66326658711039,Healthy,387.672,1085.188,1622.813,2339.75,4.188957308830069,31.04176453157222,37.39550861947664
B0018,59,1.5920964324686278,79.60482162343139,Degrading,366.016,1053.563,1581.141,2277.063,4.185868202467219,30.959784195511766,37.378956702246384
B0018,60,1.5866011820698824,79.33005910349412,Degrading,356.438,1035.282,1542.297,2241.094,4.186767544001663,30.843513277103145,37.245718322158105
B0018,61,1.580076649033625,79.00383245168126,Degrading,357.312,1028.516,1538.109,2216.125,4.189516120969907,30.797157400797865,37.21755583353321
B0018,62,1.5641732953289167,78.20866476644584,Degrading,346.297,1018.094,1516.875,2185.609,4.189677075178088,30.984434580754094,37.56150979821064
B0018,63,1.555618272193922,77.7809136096961,Degrading,347.438,997.86,1498.391,2157.531,4.188889298039903,30.967899275139946,37.4174791317661
B0018,64,1.5402045278637395,77.01022639318697,Degrading,336.688,989.313,1468.578,2128.547,4.187751736524715,30.976616345195186,37.55101533655474
B0018,65,1.5321613015959863,76.60806507979932,Degrading,325.75,968.453,1436.937,2087.484,4.186225024003278,30.89768961926806,37.59895044072871
B0018,66,1.5316232403693415,76.58116201846707,Degrading,327.141,960.547,1443.078,2084.016,4.189453014691957,30.815688222379325,37.48923978216981
B0018,67,1.5222595950771978,76.11297975385989,Degrading,315.969,950.531,1410.735,2042.094,4.189297764105604,30.726188079151118,37.37911114363861
B0018,68,1.5065267126851285,75.32633563425642,Degrading,304.953,929.219,1390.297,2011.735,4.186554797123547,30.76818712651005,37.559604168615785
B0018,69,1.5014219556532926,75.07109778266464,Degrading,306.734,923.078,1375.031,1987.453,4.188205300947291,30.775415173787835,37.61805450748922
B0018,70,1.4963534117486457,74.81767058743229,Degrading,295.016,912.156,1352.672,1965.203,4.186295492358637,30.761821976538275,37.71101994346608
B0018,71,1.5334262000312422,76.6713100015621,Degrading,320.047,962.531,1427.484,2077.39,4.187384370589753,30.913721930762733,37.767989299214086
B0018,72,1.523845267514426,76.1922633757213,Degrading,320.531,952.172,1418.953,2046.656,4.188734692927025,31.228215653165606,37.91919394450186
B0018,73,1.501192099426124,75.0596049713062,Degrading,297.359,918.875,1374.187,1992.141,4.185052457107169,31.261679783387308,37.99328509003338
B0018,74,1.492417671450291,74.62088357251456,Degrading,298.531,910.281,1355.671,1962.265,4.187641016952416,31.18408593575448,37.984838024989045
B0018,75,1.483323851940123,74.16619259700616,Degrading,287.328,900.437,1334.859,1931.531,4.187899339921793,31.001432353085377,37.8288851383529
B0018,76,1.4807376792294196,74.03688396147098,Degrading,287.75,890.594,1327.016,1925.063,4.187928324239254,30.981374033120872,37.844837975501
B0018,77,1.4735077809902477,73.67538904951239,Degrading,276.656,882.859,1308.547,1896.062,4.18724908182,31.088687926688607,37.8984610468502
B0018,78,1.46801928526661,73.40096426333051,Degrading,289.094,882.922,1309.188,1885.719,4.188269941964259,31.336420133762665,38.27784043980244
B0018,79,1.458092355711902,72.90461778559511,Degrading,277.703,860.485,1287.922,1853.797,4.188013057271598,31.225999871035654,38.24434303919528
B0018,80,1.44786609888914,72.393304944457,Degrading,254.281,839.297,1255.219,1810.406,4.184406092157091,31.037323488688802,38.06956259266949
B0018,81,1.4527808777541982,72.6390438877099,Degrading,267.187,854.031,1259.187,1815.953,4.1927676322495895,30.811349225731828,37.81744565252647
B0018,82,1.4425356364492432,72.12678182246216,Degrading,255.469,831.391,1237.985,1783.438,4.1877899337285145,30.932223179746046,37.90256777035479
B0018,83,1.4392712877203313,71.96356438601657,Degrading,256.203,833.703,1240.797,1787.453,4.187757134600847,31.215527070380897,38.16628336469349
B0018,84,1.4286475681888218,71.43237840944109,Degrading,256.782,835.172,1231.032,1779.188,4.1878615032964905,31.400797084337558,38.36789486715962
B0018,85,1.4249026750004896,71.24513375002448,Degrading,245.109,812.671,1209.109,1746.203,4.185828871638821,31.259213269721236,38.19823604401131
B0018,86,1.4698115324524124,73.49057662262062,Degrading,282.625,876.484,1298.422,1874.078,4.187068171962331,31.134701292957466,38.09998280757164
B0018,87,1.4525819651050202,72.62909825525101,Degrading,270.781,853.766,1264.75,1829.016,4.187577343783777,31.246879695988095,38.21452378284136
B0018,88,1.442834198908794,72.1417099454397,Degrading,259.407,831.375,1231.032,1784.438,4.187354359976366,31.027558674438325,37.93969653616424
B0018,89,1.428376058807949,71.41880294039746,Degrading,247.75,809.641,1211.219,1742.391,4.187000411288135,30.931917385258963,38.06666733482501
B0018,90,1.4154547844370715,70.77273922185357,Degrading,222.781,785.234,1174.719,1693.156,4.183339938829854,30.667082236656018,37.63260475617888
B0018,91,1.454576670077708,72.7288335038854,Degrading,273.828,850.453,1253.484,1798.89,4.1920532879108094,31.226789107710772,38.18223603956323
B0018,92,1.4283179548274056,71.41589774137029,Degrading,249.031,826.6089999999967,1217.031000000003,1762.827999999994,4.186468489789535,31.387733116648285,38.3907466519188
B0018,93,1.4197026883204058,70.98513441602029,Degrading,249.719,816.531,1209.484,1731.922,4.18673673325988,31.505666838292886,38.51622654624205
B0018,94,1.4155606630306516,70.77803315153258,Degrading,250.594,805.844,1199.969,1723.235,4.187094944339141,31.5462258449116,38.56612180540248
B0018,95,1.405680035419228,70.2840017709614,Degrading,238.406,782.453,1164.015,1676.39,4.18420710718704,31.389977882297476,38.5606541602861
B0018,96,1.4084461071166137,70.42230535583069,Degrading,238.672,796.563,1179.375,1692.938,4.186203003591801,31.385433749863733,38.53842073636507
B0018,97,1.3968547782872414,69.84273891436207,Critical,239.359,785.984,1156.844,1658.281,4.187034228023883,31.423707199142058,38.548873480234754
B0018,98,1.3935670371440676,69.67835185720338,Critical,227.297,775.563,1147.203,1650.0,4.186702452011757,31.435368910968148,38.45838357496903
B0018,99,1.3893644292809475,69.46822146404737,Critical,228.578,768.593,1130.234,1636.14,4.187149487048271,31.542375291159843,38.54382874673793
B0018,100,1.378565141566671,68.92825707833356,Critical,217.516,761.203,1112.484,1609.875,4.1851927389272,31.52669677306915,38.650883957434026
B0018,101,1.384901110085747,69.24505550428735,Critical,229.031,756.343,1118.468,1612.796,4.186507115127164,31.435921914290375,38.45654834997334
B0018,102,1.3703251814242443,68.51625907121222,Critical,216.141,743.328,1105.219,1586.547,4.184557643390084,31.475238112886494,38.6564130442344
B0018,103,1.3733464385229082,68.6673219261454,Critical,216.734,745.375,1108.484,1590.859,4.187087122858351,31.5817445550721,38.655587491253975
B0018,104,1.3679487285504814,68.39743642752407,Critical,216.907,746.688,1097.297,1580.141,4.186108406696249,31.647958536134297,38.6997087046862
B0018,105,1.3567141087089647,67.83570543544823,Critical,204.766,722.781,1074.156,1557.969,4.183460397462309,31.662032275252905,38.87481687744787
B0018,106,1.4604310209194575,73.02155104597287,Degrading,269.766,853.609,1269.109,1846.078,4.18705065732399,30.434500875864142,37.36397452607736
B0018,107,1.4500998937104097,72.50499468552049,Degrading,270.578,855.781,1260.172,1825.859,4.187331785251929,31.017997058077018,37.88258787662229
B0018,108,1.4381406901824496,71.90703450912248,Degrading,271.046,844.937,1250.296,1816.812,4.187126543921124,31.39483761465523,38.15898073660424
B0018,109,1.4283681980964316,71.41840990482157,Degrading,272.375,837.359,1225.297,1769.016,4.18729395521499,31.24511885640641,38.05243159675446
B0018,110,1.4147874517552432,70.73937258776216,Degrading,245.735,808.485,1190.141,1718.797,4.185839399154204,31.05306925187263,37.89096376444466
B0018,111,1.413889163393182,70.6944581696591,Degrading,246.328,801.016,1177.609,1709.922,4.186876031959964,30.88589263299332,37.81203585126145
B0018,112,1.3989331662177225,69.94665831088612,Critical,233.781,785.594,1155.781,1673.531,4.185068078358122,31.053992379018933,37.9591954678784
B0018,113,1.3953322584033976,69.76661292016988,Critical,247.594,787.828,1172.109,1690.812,4.185773158707972,31.492840068071885,38.52104349883516
B0018,114,1.390046129540245,69.50230647701225,Critical,247.969,788.797,1173.781,1680.375,4.187057458531915,31.93832684630049,38.87868799770175
B0018,115,1.3860271454209647,69.30135727104823,Critical,234.875,777.078,1136.563,1644.657,4.185266758520927,31.74562722135923,38.65118899876309
B0018,116,1.388215260193751,69.41076300968754,Critical,248.782,778.438,1138.719,1647.422,4.192828647480177,31.31018499405759,38.434235278537344
B0018,117,1.3761826562394497,68.80913281197249,Critical,222.89,754.187,1115.234,1597.984,4.18585690434635,31.127360345471814,38.10387572433
B0018,118,1.3647168898640163,68.23584449320082,Critical,223.532,742.344,1090.813,1574.719,4.1853378476861,30.985550813719595,38.12742842632319
B0018,119,1.3589854739373584,67.94927369686792,Critical,210.547,730.094,1078.86,1550.0,4.186191692551651,30.899653280757406,38.03962943213698
B0018,120,1.34623087640088,67.311543820044,Critical,201.781,707.078,1050.844,1519.578,4.183103192995574,30.706123644966482,37.85657903247749
B0018,121,1.4268427818454643,71.34213909227321,Degrading,264.937,814.5,1205.265,1733.593,4.191804162788413,30.47122187456595,37.43017193410286
B0018,122,1.4064481483279665,70.32240741639832,Degrading,252.031,802.156,1180.406,1709.016,4.185464884609619,30.939221783021114,37.8264149292754
B0018,123,1.3934907492075153,69.67453746037576,Critical,252.61,790.61,1156.031,1686.0,4.186834478731371,31.111640631561894,38.08307173716899
B0018,124,1.3882493512249316,69.41246756124659,Critical,239.625,778.891,1145.0,1648.313,4.185890317458504,31.037910219908994,37.88279649093536
B0018,125,1.3701878338420928,68.50939169210464,Critical,227.125,753.906,1121.312,1612.609,4.183775890805592,30.967950840538833,37.96027066990377
B0018,126,1.379695166560862,68.9847583280431,Critical,226.578,754.344,1122.344,1614.203,4.184700856653747,30.93996203578424,37.880513353762176
B0018,127,1.3686586323935683,68.43293161967841,Critical,227.234,756.547,1111.781,1605.391,4.184705779748733,31.295019295352862,38.43416278222213
B0018,128,1.3627371779096438,68.13685889548219,Critical,227.641,757.781,1113.844,1607.859,4.186190318516221,31.81846533166901,38.847489737859576
B0018,129,1.3634051133928071,68.17025566964035,Critical,241.516,757.672,1113.969,1608.469,4.184617620212458,32.00067162597675,38.80283421497622
B0018,130,1.3518646035305233,67.59323017652616,Critical,214.812,732.64,1076.281,1558.093,4.181406543107895,31.73992229230571,38.72699121838442
B0018,131,1.3547969729652622,67.7398486482631,Critical,229.422,735.187,1079.141,1562.203,4.18481632859354,31.52613649688221,38.67191958148309
B0018,132,1.341051440640485,67.05257203202424,Critical,215.546,721.593,1066.187,1521.812,4.185409109511607,31.27624493654335,38.371813640118894
